date,unit_id
2023-05-29,MAURICENAGAR
2023-06-01,SAFDARJUNGENCLAVE
2023-05-31,ROOPNAGAR
2023-05-29,MAURICENAGAR
2023-05-31,GEETACOLONY
2023-05-26,SHAKARPUR
2023-05-24,SAFDARJUNGENCLAVE
2023-05-30,NARELAINDUSTRIALAREA
2023-05-18,KNKATJUMARG
2023-06-01,SADARBAZAR
2023-06-02,KARAWALNAGAR
2023-05-23,WELCOME
2023-06-01,KAPASHERA
2023-04-25,SHAHDARA
2023-06-02,DWARKASOUTH
2023-06-01,PASCHIMVIHAREAST
2023-06-01,KNKATJUMARG
2023-05-30,KALYANPURI
2023-05-15,KALYANPURI
2023-06-02,KASHMERIGATE
2023-06-03,SAFDARJUNGENCLAVE
2023-06-02,KASHMERIGATE
2023-06-03,CIVILLINES
2023-05-31,SAFDARJUNGENCLAVE
2023-06-02,SAFDARJUNGENCLAVE
2023-05-21,AMARCOLONY
2023-06-02,WAZIRABAD
2023-06-04,PARLIAMENTSTREET
2023-06-03,MAHENDRAPARK
2023-05-21,AMARCOLONY
2023-06-05,MANGOLPURI
2023-06-05,NORTHAVENUE
2023-06-05,SADARBAZAR
2023-06-05,MANGOLPURI
2023-05-07,SAFDARJUNGENCLAVE
2023-06-03,SAFDARJUNGENCLAVE
2023-05-31,DAYALPUR
2023-05-31,DAYALPUR
2023-06-05,KASHMERIGATE
2023-06-01,KASHMERIGATE
2023-06-05,KASHMERIGATE
2023-05-28,KASHMERIGATE
2023-06-06,BHARATNAGAR
2023-06-06,BAWANA
2023-06-04,RAJPARK
2023-06-05,BAWANA
2023-06-06,IPESTATE
2023-06-07,SAKET
2023-06-06,LAXMINAGAR
2023-05-08,NANGLOI
2023-06-07,AMBEDKARNAGAR
2023-05-21,AMBEDKARNAGAR
2023-06-07,BURARI
2023-06-02,SAFDARJUNGENCLAVE
2023-06-01,CIVILLINES
2023-06-06,KOTWALI
2023-06-08,TIGRI
2023-06-08,KASHMERIGATE
2023-06-08,KASHMERIGATE
2023-06-08,KALKAJI
2023-05-15,KNKATJUMARG
2023-05-17,LAJPATNAGAR
2023-06-01,BEGUMPUR
2023-06-09,HARINAGAR
2023-06-08,SOROJININAGAR
2023-06-08,SULTANPURI
2023-06-09,NABIKARIM
2023-06-08,NABIKARIM
2023-04-17,RANHOLA
2023-06-01,GHAZIPUR
2023-06-10,PAHARGANJ
2023-06-07,SAMAIPURBADLI
2023-06-10,KASHMERIGATE
2023-06-10,KASHMERIGATE
2023-06-09,IGIAIRPORTMETRO
2023-06-05,JAHANGIRPURI
2023-06-09,SARAIROHILLA
2023-06-11,KASHMERIGATE
2023-06-10,KRISHNANAGAR
2023-06-10,KASHMERIGATE
2023-05-21,HARINAGAR
2023-06-12,KAROLBAGH
2023-06-11,PATPARGANJINDUSTRIALAREA
2023-06-12,MAHENDRAPARK
2023-06-12,ANANDPARBAT
2023-06-11,JYOTINAGAR
2023-06-11,GTBENCLAVE
2023-06-11,GTBENCLAVE
2023-06-10,SUBZIMANDI
2023-05-24,HARSHVIHAR
2023-06-12,KAMLAMARKET
2023-05-31,JYOTINAGAR
2023-06-11,NANDNAGRI
2023-06-13,KOTWALI
2023-06-13,PAHARGANJ
2023-06-11,SUBZIMANDI
2023-06-13,KAROLBAGH
2023-06-13,SADARBAZAR
2023-06-12,CONNAUGHTPLACE
2023-06-13,LAJPATNAGAR
2023-06-13,SARAIROHILLA
2023-06-12,MANGOLPURI
2023-06-13,BINDAPUR
2023-06-11,MANGOLPURI
2023-06-13,LAJPATNAGAR
2023-06-13,DWARKANORTH
2023-06-13,KOTWALI
2023-06-14,LAHORIGATE
2023-06-14,BARAHINDURAO
2023-06-12,CIVILLINES
2023-06-12,NANDNAGRI
2023-06-11,LAHORIGATE
2023-06-13,SAMAIPURBADLI
2023-06-13,ASHOKVIHAR
2023-06-15,LAHORIGATE
2023-06-11,NEWASHOKNAGAR
2023-05-25,KASHMERIGATE
2023-06-16,KAROLBAGH
2023-06-16,GULABIBAGH
2023-06-16,LAJPATNAGAR
2023-06-15,ADARSHNAGAR
2023-06-15,SUBZIMANDI
2023-06-14,SUBZIMANDI
2023-06-12,GTBENCLAVE
2023-06-12,CONNAUGHTPLACE
2023-06-17,JAHANGIRPURI
2023-06-16,AMANVIHAR
2023-06-17,SUBZIMANDI
2023-06-16,RAJOURIGARDEN
2023-06-15,SULTANPURI
2023-06-17,LAHORIGATE
2023-06-17,KAROLBAGH
2023-06-16,MANDIRMARG
2023-06-18,AMARCOLONY
2023-06-18,OKHLAINDUSTRIALAREA
2023-06-17,SUBZIMANDI
2023-06-18,SUBZIMANDI
2023-06-16,AMANVIHAR
2023-06-18,AMARCOLONY
2023-06-18,DARYAGANJ
2023-05-19,KASHMERIGATE
2023-05-22,KASHMERIGATE
2023-05-17,KASHMERIGATE
2023-05-26,KASHMERIGATE
2023-05-12,SAFDARJUNGENCLAVE
2023-05-21,DABRI
2023-06-16,PAHARGANJ
2023-06-19,KOTWALI
2023-06-16,LAJPATNAGAR
2023-06-13,LAJPATNAGAR
2023-06-12,NANDNAGRI
2023-06-11,NANDNAGRI
2023-06-14,ANANDVIHARRLYSTN
2023-06-19,SUBZIMANDI
2023-06-21,LAHORIGATE
2023-06-20,MUKHERJEENAGAR
2023-06-21,MANDIRMARG
2023-06-20,DEFENCECOLONY
2023-05-08,ANANDVIHARRLYSTN
2023-05-06,ANANDVIHARRLYSTN
2023-05-13,KHAJURIKHAS
2023-06-21,ANANDVIHARRLYSTN
2023-06-22,PAHARGANJ
2023-06-22,GTBENCLAVE
2023-06-20,GTBENCLAVE
2023-06-21,ANANDVIHARRLYSTN
2023-05-03,ANANDVIHARRLYSTN
2023-01-17,ANANDVIHARRLYSTN
2023-04-20,ANANDVIHARRLYSTN
2023-01-01,ANANDVIHARRLYSTN
2023-05-07,ANANDVIHARRLYSTN
2023-05-26,ANANDVIHARRLYSTN
2023-05-27,ANANDVIHARRLYSTN
2023-06-22,KALYANPURI
2023-06-01,KAPASHERA
2023-06-23,TIMARPUR
2023-06-24,BAWANA
2023-05-14,SULTANPURI
2023-05-14,SULTANPURI
2023-06-21,GOVINDPURI
2023-06-23,FARSHBAZAR
2023-06-23,SADARBAZAR
2023-06-15,SHALIMARBAGH
2023-06-23,KASHMERIGATE
2023-06-22,BADARPUR
2023-06-23,DABRI
2023-06-23,KAMLAMARKET
2023-06-25,MOHANGARDEN
2023-06-25,PUNJABIBAGH
2023-06-20,SAGARPUR
2023-06-15,KASHMERIGATE
2023-06-24,DARYAGANJ
2023-06-25,SUBZIMANDI
2023-06-24,DARYAGANJ
2023-06-24,SAMAIPURBADLI
2023-06-26,MUNDKA
2023-06-19,BAWANA
2023-06-13,BHAJANPURA
2023-06-20,BURARI
2023-06-26,NEWFRIENDSCOLONY
2023-06-27,AMARCOLONY
2023-06-27,KOTWALI
2023-06-26,MOTINAGAR
2023-06-22,KOTWALI
2023-06-26,MOTINAGAR
2023-06-27,AMARCOLONY
2023-06-26,DBGROAD
2023-06-28,LAHORIGATE
2023-04-14,SUBHASHPLACE
2023-06-28,GTBENCLAVE
2023-06-26,MUKHERJEENAGAR
2023-06-27,SARAIROHILLA
2023-04-13,SUBHASHPLACE
2023-06-27,PAHARGANJ
2023-06-16,PAHARGANJ
2023-06-10,PAHARGANJ
2023-06-28,VASANTKUNJNORTH
2023-06-21,OKHLAINDUSTRIALAREA
2023-06-16,RAJOURIGARDEN
2023-06-28,DARYAGANJ
2023-05-24,CHANKYAPURI
2023-06-30,MAHENDRAPARK
2023-06-29,KOTWALI
2023-06-30,LODICOLONY
2023-06-19,GTBENCLAVE
2023-06-24,KHYALA
2023-06-21,NEWASHOKNAGAR
2023-06-26,SEELAMPUR
2023-06-19,HARINAGAR
2023-06-19,HARINAGAR
2023-06-30,SAMAIPURBADLI
2023-07-01,ANANDVIHARRLYSTN
2023-06-27,IPESTATE
2023-06-08,SOROJININAGAR
2023-07-02,MAYURVIHARPHI
2023-07-02,SAMAIPURBADLI
2023-07-02,HARINAGAR
2023-06-09,OKHLAINDUSTRIALAREA
2023-06-06,OKHLAINDUSTRIALAREA
2023-07-01,KAMLAMARKET
2023-07-01,ANANDVIHARRLYSTN
2023-06-30,SUBZIMANDI
2023-06-15,MAHENDRAPARK
2023-07-03,BHARATNAGAR
2023-06-26,GTBENCLAVE
2023-07-03,GTBENCLAVE
2023-07-03,AMANVIHAR
2023-07-03,KASHMERIGATE
2023-07-03,KNKATJUMARG
2023-07-03,AMANVIHAR
2023-07-04,LAJPATNAGAR
2023-07-02,FATEHPURBERI
2023-07-04,KASHMERIGATE
2023-07-03,KASHMERIGATE
2023-07-04,MAYURVIHARPHI
2023-07-04,IPESTATE
2023-07-04,SARAIROHILLA
2023-07-03,SUBZIMANDI
2023-07-04,BAWANA
2023-07-04,LAJPATNAGAR
2023-06-30,ANANDVIHARRLYSTN
2023-07-05,GHAZIPUR
2023-07-06,KALYANPURI
2023-07-06,RAJOURIGARDEN
2023-07-06,RAJPARK
2023-07-04,RAJPARK
2023-07-05,LAHORIGATE
2023-07-04,MANGOLPURI
2023-07-03,MANSAROVARPARK
2023-06-04,PARLIAMENTSTREET
2023-04-23,PARLIAMENTSTREET
2023-07-07,RAJOURIGARDEN
2023-07-07,SADARBAZAR
2023-06-28,RKPURAM
2023-07-02,GTBENCLAVE
2023-06-23,LAJPATNAGAR
2023-07-05,NIHALVIHAR
2023-07-07,MANGOLPURI
2023-06-28,PRASADNAGAR
2023-07-06,DAYALPUR
2023-06-16,GULABIBAGH
2023-07-06,MOTINAGAR
2023-07-07,LAHORIGATE
2023-07-08,SUBZIMANDI
2023-07-08,PAHARGANJ
2023-06-30,SARAIROHILLA
2023-07-05,JAHANGIRPURI
2023-07-07,KALYANPURI
2023-07-07,KALYANPURI
2023-07-08,KALYANPURI
2023-07-07,KALYANPURI
2023-07-08,LAJPATNAGAR
2023-01-09,ANANDVIHARRLYSTN
2023-04-27,ANANDVIHARRLYSTN
2023-07-09,NARELAINDUSTRIALAREA
2023-07-10,GTBENCLAVE
2023-07-10,ANANDPARBAT
2023-07-10,SUBZIMANDI
2023-07-10,LAJPATNAGAR
2023-07-10,PAHARGANJ
2023-07-10,JAGATPURI
2023-07-09,TIMARPUR
2023-07-10,SULTANPURI
2023-07-11,BINDAPUR
2023-07-11,NEWASHOKNAGAR
2023-07-09,TIMARPUR
2023-07-02,GTBENCLAVE
2023-07-12,TUGHLAKROAD
2023-07-10,KOTWALI
2023-07-11,KOTWALI
2023-07-12,KOTWALI
2023-07-11,KALYANPURI
2023-07-11,SULTANPURI
2023-07-07,TILAKNAGAR
2023-07-12,ANANDVIHARRLYSTN
2023-06-26,PUNJABIBAGH
2023-07-13,KNKATJUMARG
2023-07-08,ANANDVIHARRLYSTN
2023-07-06,KESHAVPURAM
2023-06-27,BAWANA
2023-07-12,SUBZIMANDI
2023-07-13,AMANVIHAR
2023-07-08,SAFDARJUNGENCLAVE
2023-07-04,PUNJABIBAGH
2023-07-12,LAJPATNAGAR
2023-07-12,TUGHLAKROAD
2023-04-13,SAFDARJUNGENCLAVE
2023-07-13,KNKATJUMARG
2023-07-08,KNKATJUMARG
2023-07-11,KOTWALI
2023-07-10,PULPRAHLADPUR
2023-07-14,KNKATJUMARG
2023-07-14,UTTAMNAGAR
2023-07-11,PUNJABIBAGH
2023-07-14,KOTWALI
2023-07-14,TILAKNAGAR
2023-07-07,NANDNAGRI
2023-07-12,ANANDVIHARRLYSTN
2023-07-06,MOTINAGAR
2023-07-15,HARINAGAR
2023-07-12,SUNLIGHTCOLONY
2023-07-15,ANANDVIHARRLYSTN
2023-07-14,SUBZIMANDI
2023-07-08,ANANDVIHARRLYSTN
2023-07-14,DARYAGANJ
2023-04-27,NANGLOI
2023-07-16,SAFDARJUNGENCLAVE
2023-07-16,SHASTRIPARK
2023-07-13,JAHANGIRPURI
2023-07-14,PULPRAHLADPUR
2023-07-07,TILAKNAGAR
2023-07-16,VIKASPURI
2023-07-11,SHASTRIPARK
2023-07-11,BAWANA
2023-07-15,HARINAGAR
2023-07-06,HAUZKHAS
2023-07-17,RAJINDERNAGAR
2023-07-13,SUNLIGHTCOLONY
2023-07-16,RAJINDERNAGAR
2023-07-17,WELCOME
2023-07-17,MANGOLPURI
2023-07-17,MANGOLPURI
2023-07-17,IPESTATE
2023-07-18,VIKASPURI
2023-07-18,SUBZIMANDI
2023-07-18,HAUZKHAS
2023-07-18,KASHMERIGATE
2023-07-14,SHAHDARA
2023-07-09,PAHARGANJ
2023-06-28,RKPURAM
2023-07-17,SEEMAPURI
2023-07-19,LAHORIGATE
2023-07-18,SHAHEENBAGH
2023-07-15,SUBHASHPLACE
2023-07-20,SULTANPURI
2023-06-27,MANGOLPURI
2023-07-20,NEWUSMANPUR
2023-07-20,NEWUSMANPUR
2023-07-14,KNKATJUMARG
2023-07-17,SEELAMPUR
2023-07-19,SEELAMPUR
2023-07-20,AMARCOLONY
2023-07-16,GTBENCLAVE
2023-07-18,MANGOLPURI
2023-06-13,SADARBAZAR
2023-06-17,SADARBAZAR
2023-07-07,SADARBAZAR
2023-07-20,AMARCOLONY
2023-07-21,SUBZIMANDI
2023-07-20,ROOPNAGAR
2023-07-20,PATELNAGAR
2023-07-21,SULTANPURI
2023-07-21,PATPARGANJINDUSTRIALAREA
2023-07-18,CIVILLINES
2023-07-21,SHAHEENBAGH
2023-07-20,KOTWALI
2023-07-21,DBGROAD
2023-07-19,JAFRABAD
2023-07-22,TIMARPUR
2023-07-22,GTBENCLAVE
2023-07-21,KALYANPURI
2023-07-21,KOTWALI
2023-07-22,VIVEKVIHAR
2023-07-22,PRASHANTVIHAR
2023-07-21,SHASTRIPARK
2023-07-19,SONIAVIHAR
2023-07-19,KASHMERIGATE
2023-07-21,DBGROAD
2023-07-20,NEWASHOKNAGAR
2023-07-22,NEWASHOKNAGAR
2023-07-23,KOTWALI
2023-07-22,PUNJABIBAGH
2023-07-23,MOHANGARDEN
2023-07-23,SOROJININAGAR
2023-07-23,CIVILLINES
2023-07-23,CIVILLINES
2023-07-23,GTBENCLAVE
2023-07-22,JYOTINAGAR
2023-07-23,KOTWALI
2023-07-24,LODICOLONY
2023-07-21,KOTWALI
2023-07-17,KASHMERIGATE
2023-07-16,KASHMERIGATE
2023-06-15,KASHMERIGATE
2023-07-07,KASHMERIGATE
2023-07-12,KASHMERIGATE
2023-07-02,KASHMERIGATE
2023-07-16,GOVINDPURI
2023-07-23,SADARBAZAR
2023-07-22,KOTWALI
2023-07-22,ANANDVIHARRLYSTN
2023-07-23,KOTWALI
2023-07-25,INDERPURI
2023-07-24,SHAHEENBAGH
2023-07-24,MANGOLPURI
2023-07-24,RAJOURIGARDEN
2023-07-24,PREETVIHAR
2023-07-25,SADARBAZAR
2023-07-25,SUBZIMANDI
2023-07-24,SUBZIMANDI
2023-07-23,BURARI
2023-07-16,IPESTATE
2023-07-22,SUNLIGHTCOLONY
2023-07-24,SULTANPURI
2023-07-20,BHALSWADIARY
2023-07-23,BURARI
2023-07-25,KAMLAMARKET
2023-07-24,PREETVIHAR
2023-07-24,KOTWALI
2023-07-25,SAMAIPURBADLI
2023-07-25,SAFDARJUNGENCLAVE
2023-07-21,CHHAWALA
2023-07-21,KOTWALI
2023-07-26,SUNLIGHTCOLONY
2023-07-22,SUNLIGHTCOLONY
2023-07-25,KAMLAMARKET
2023-07-12,ANANDVIHARRLYSTN
2023-07-27,TILAKNAGAR
2023-07-26,MANDIRMARG
2023-07-25,MUKHERJEENAGAR
2023-07-27,LODICOLONY
2023-07-24,GTBENCLAVE
2023-07-23,KHAJURIKHAS
2023-07-26,SUNLIGHTCOLONY
2023-07-27,UTTAMNAGAR
2023-07-26,DBGROAD
2023-07-23,KHAJURIKHAS
2023-07-18,IPESTATE
2023-07-26,MADHUVIHAR
2023-07-03,SULTANPURI
2023-07-27,KAMLAMARKET
2023-07-19,JAFRABAD
2023-07-27,TIMARPUR
2023-07-12,BABAHARIDASNAGAR
2023-07-28,MAHENDRAPARK
2023-07-14,NANGLOI
2023-07-28,PAHARGANJ
2023-05-29,KASHMERIGATE
2023-06-13,KASHMERIGATE
2023-07-04,KASHMERIGATE
2023-07-12,KASHMERIGATE
2023-07-27,TIMARPUR
2023-07-07,LAHORIGATE
2023-07-19,LAHORIGATE
2023-06-11,LAHORIGATE
2023-07-29,HARINAGAR
2023-07-29,HARINAGAR
2023-07-21,HARINAGAR
2023-07-29,GOVINDPURI
2023-07-27,ANANDVIHARRLYSTN
2023-04-27,HARINAGAR
2023-07-29,KAPASHERA
2023-07-21,SULTANPURI
2023-07-24,SAMAIPURBADLI
2023-07-29,MAURICENAGAR
2023-07-28,SAFDARJUNGENCLAVE
2023-07-28,KASHMERIGATE
2023-07-27,KASHMERIGATE
2023-07-19,JAHANGIRPURI
2023-07-29,LAJPATNAGAR
2023-05-23,BADARPUR
2023-07-02,KASHMERIGATE
2023-06-25,LAJPATNAGAR
2023-07-17,KASHMERIGATE
2023-07-28,DABRI
2023-07-21,SULTANPURI
2023-07-25,HAUZKHAS
2023-07-29,RAJOURIGARDEN
2023-07-29,CIVILLINES
2023-07-25,SAMAIPURBADLI
2023-07-29,RAJOURIGARDEN
2023-07-26,MALVIYANAGAR
2023-07-28,PAHARGANJ
2023-07-31,SAFDARJUNGENCLAVE
2023-07-31,FARSHBAZAR
2023-07-30,KASHMERIGATE
2023-07-12,KASHMERIGATE
2023-07-31,GTBENCLAVE
2023-08-01,SUBZIMANDI
2023-07-31,BURARI
2023-08-01,KIRTINAGAR
2023-07-27,ANANDVIHARRLYSTN
2023-07-31,KAMLAMARKET
2023-07-20,NEWUSMANPUR
2023-07-24,KALKAJI
2023-08-02,SUBZIMANDI
2023-08-02,DWARKASOUTH
2023-07-14,NORTHROHINI
2023-08-03,NARELAINDUSTRIALAREA
2023-08-01,KOTWALI
2023-08-01,KOTWALI
2023-08-03,NARELAINDUSTRIALAREA
2023-08-03,ASHOKVIHAR
2023-08-02,SADARBAZAR
2023-07-30,KOTWALI
2023-07-29,PRASADNAGAR
2023-07-30,KOTWALI
2023-08-02,NANGLOI
2023-08-01,MANDIRMARG
2023-08-04,SUBZIMANDI
2023-08-04,SUBZIMANDI
2023-08-03,PUNJABIBAGH
2023-08-03,SAFDARJUNGENCLAVE
2023-07-23,KHAJURIKHAS
2023-08-05,SUBZIMANDI
2023-08-05,NEWUSMANPUR
2023-08-04,PATPARGANJINDUSTRIALAREA
2023-08-05,NEWUSMANPUR
2023-08-05,MAYURVIHARPHI
2023-08-05,KHAJURIKHAS
2023-08-05,IPESTATE
2023-08-05,IPESTATE
2023-08-03,IPESTATE
2023-08-01,KIRTINAGAR
2023-08-04,LAHORIGATE
2023-06-05,BHARATNAGAR
2023-08-03,SAFDARJUNGENCLAVE
2023-08-05,FATEHPURBERI
2023-08-05,FATEHPURBERI
2023-08-06,FATEHPURBERI
2023-07-30,BABAHARIDASNAGAR
2023-08-06,FATEHPURBERI
2023-08-06,SHAHEENBAGH
2023-08-06,SAMAIPURBADLI
2023-08-05,KOTWALI
2023-08-06,KOTWALI
2023-08-05,FATEHPURBERI
2023-08-06,GANDHINAGAR
2023-07-31,GANDHINAGAR
2023-08-06,KASHMERIGATE
2023-08-05,KASHMERIGATE
2023-08-07,KNKATJUMARG
2023-07-13,KASHMERIGATE
2023-08-06,SUBZIMANDI
2023-07-06,MAHENDRAPARK
2023-08-06,HARINAGAR
2023-08-01,LAHORIGATE
2023-08-05,LAHORIGATE
2023-08-07,KOTWALI
2023-08-03,NARELA
2023-08-06,KAMLAMARKET
2023-08-05,LAHORIGATE
2023-07-24,SULTANPURI
2023-07-24,SHALIMARBAGH
2023-08-08,CIVILLINES
2023-08-04,CIVILLINES
2023-08-07,SHAHDARA
2023-07-14,NANGLOI
2023-08-09,KOTWALI
2023-08-03,MANGOLPURI
2023-08-08,PARLIAMENTSTREET
2023-07-05,SARITAVIHAR
2023-08-08,DARYAGANJ
2023-08-03,MOTINAGAR
2023-08-10,NAJAFGARH
2023-08-10,BAWANA
2023-08-10,KOTWALI
2023-08-10,KAMLAMARKET
2023-08-11,SUBZIMANDI
2023-08-10,KASHMERIGATE
2023-08-11,ALIPUR
2023-08-11,DELHICANTT
2023-08-11,DELHICANTT
2023-08-11,PANDAVNAGAR
2023-08-11,CONNAUGHTPLACE
2023-08-11,CIVILLINES
2023-08-11,NABIKARIM
2023-08-09,MANSAROVARPARK
2023-08-11,NEWASHOKNAGAR
2023-07-29,KASHMERIGATE
2023-08-16,KIRTINAGAR
2023-08-07,BURARI
2023-08-05,NEWUSMANPUR
2023-07-23,SEEMAPURI
2023-08-11,KASHMERIGATE
2023-08-11,GANDHINAGAR
2023-06-06,BHALSWADIARY
2023-07-31,PASCHIMVIHAREAST
2023-08-03,HAUZKHAS
2023-08-12,ADARSHNAGAR
2023-08-09,JAHANGIRPURI
2023-08-07,PANDAVNAGAR
2023-08-09,KAMLAMARKET
2023-08-12,CONNAUGHTPLACE
2023-07-30,KASHMERIGATE
2023-07-13,KASHMERIGATE
2023-08-05,KASHMERIGATE
2023-08-06,KASHMERIGATE
2023-08-10,KASHMERIGATE
2023-08-12,LAHORIGATE
2023-08-13,PATPARGANJINDUSTRIALAREA
2023-03-02,MOTINAGAR
2023-07-06,MOTINAGAR
2023-08-14,NEWFRIENDSCOLONY
2023-08-13,TIMARPUR
2023-08-12,KASHMERIGATE
2023-08-13,LAJPATNAGAR
2023-08-12,KASHMERIGATE
2023-08-13,SEELAMPUR
2023-08-14,KOTWALI
2023-08-12,KOTWALI
2023-08-08,DARYAGANJ
2023-08-13,TIMARPUR
2023-08-08,RANHOLA
2023-08-11,SHASTRIPARK
2023-08-14,FARSHBAZAR
2023-08-14,WAZIRABAD
2023-07-10,LAJPATNAGAR
2023-08-12,LAHORIGATE
2023-08-15,KAMLAMARKET
2023-08-14,TILAKMARG
2023-08-15,VIKASPURI
2023-08-15,KIRTINAGAR
2023-08-14,KIRTINAGAR
2023-08-15,NARAINA
2023-08-11,GTBENCLAVE
2023-08-16,GULABIBAGH
2023-07-19,BARAHINDURAO
2023-08-16,PREMNAGAR
2023-06-22,SAFDARJUNGENCLAVE
2023-08-15,KOTWALI
2023-07-20,BUDHVIHAR
2023-07-29,KAPASHERA
2023-08-12,KOTWALI
2023-08-15,BINDAPUR
2023-08-17,ALIPUR
2023-08-17,PUNJABIBAGH
2023-08-17,NABIKARIM
2023-08-10,DELHICANTT
2023-07-24,DARYAGANJ
2023-03-24,SHAHBADDIARY
2023-01-23,SHAHBADDIARY
2023-03-24,SHAHBADDIARY
2023-08-13,SHAHDARA
2023-08-10,DELHICANTT
2023-08-19,ALIPUR
2023-07-25,SAFDARJUNGENCLAVE
2023-08-18,ALIPUR
2023-08-19,NEWUSMANPUR
2023-08-19,KOTWALI
2023-08-19,PATPARGANJINDUSTRIALAREA
2023-08-16,MAHENDRAPARK
2023-08-16,NEWUSMANPUR
2023-08-14,CIVILLINES
2023-08-20,LAHORIGATE
2023-08-20,LAJPATNAGAR
2023-08-18,KASHMERIGATE
2023-08-20,KASHMERIGATE
2023-08-09,KASHMERIGATE
2023-08-19,SAFDARJUNGENCLAVE
2023-08-19,SEEMAPURI
2023-08-21,VIKASPURI
2023-08-19,SHASTRIPARK
2023-08-18,CIVILLINES
2023-05-17,MALVIYANAGAR
2023-07-10,MALVIYANAGAR
2023-07-10,MALVIYANAGAR
2023-08-21,KASHMERIGATE
2023-08-20,ANANDVIHARRLYSTN
2023-08-19,AMANVIHAR
2023-08-18,DARYAGANJ
2023-08-21,KNKATJUMARG
2023-08-20,LAJPATNAGAR
2023-08-21,SARAIROHILLA
2023-08-21,GHAZIPUR
2023-08-21,PARLIAMENTSTREET
2023-08-22,MANGOLPURI
2023-08-19,LAHORIGATE
2023-08-21,MANGOLPURI
2023-08-18,MANGOLPURI
2023-08-02,MANGOLPURI
2023-07-31,SAFDARJUNGENCLAVE
2023-07-28,SAFDARJUNGENCLAVE
2023-08-16,LAHORIGATE
2023-07-04,SAFDARJUNGENCLAVE
2023-07-16,RANHOLA
2023-08-22,CIVILLINES
2023-08-19,CIVILLINES
2023-08-19,CIVILLINES
2023-08-22,NANGLOI
2023-08-21,KAMLAMARKET
2023-08-22,KAMLAMARKET
2023-08-08,PARLIAMENTSTREET
2023-07-28,SAFDARJUNGENCLAVE
2023-07-31,SAFDARJUNGENCLAVE
2023-08-20,TILAKMARG
2023-08-23,BARAHINDURAO
2023-04-15,UTTAMNAGAR
2023-08-23,ALIPUR
2023-08-17,SUBZIMANDI
2023-08-22,MANGOLPURI
2023-08-22,ADARSHNAGAR
2023-06-08,MAHENDRAPARK
2023-08-19,DBGROAD
2023-08-21,SAFDARJUNGENCLAVE
2023-08-24,KALYANPURI
2023-08-24,KALANDIKUNJ
2023-08-20,TILAKMARG
2023-08-21,NEWFRIENDSCOLONY
2023-08-09,GTBENCLAVE
2023-08-23,GTBENCLAVE
2023-08-24,LAHORIGATE
2023-07-26,GTBENCLAVE
2023-08-24,SAFDARJUNGENCLAVE
2023-08-18,TILAKNAGAR
2023-08-23,BEGUMPUR
2023-08-23,CIVILLINES
2023-08-19,DBGROAD
2023-07-27,LODICOLONY
2023-07-24,LODICOLONY
2023-07-04,SAFDARJUNGENCLAVE
2023-08-23,PATELNAGAR
2023-08-23,PRASADNAGAR
2023-08-24,DWARKANORTH
2023-08-24,GTBENCLAVE
2023-08-11,AMANVIHAR
2023-06-21,GOVINDPURI
2023-07-28,PAHARGANJ
2023-07-25,SAFDARJUNGENCLAVE
2023-08-26,KESHAVPURAM
2023-08-24,DWARKANORTH
2023-08-25,NORTHAVENUE
2023-08-25,KOTWALI
2023-08-25,ASHOKVIHAR
2023-08-26,NARELAINDUSTRIALAREA
2023-08-21,BADARPUR
2023-08-26,ANANDVIHARRLYSTN
2023-08-18,MAHENDRAPARK
2023-03-21,PATELNAGAR
2023-08-26,ANANDVIHARRLYSTN
2023-08-17,HARINAGAR
2023-08-27,CONNAUGHTPLACE
2023-08-26,PAHARGANJ
2023-08-19,IPESTATE
2023-08-26,ANANDVIHARRLYSTN
2023-08-26,ANANDVIHARRLYSTN
2023-08-25,KHYALA
2023-08-28,LAHORIGATE
2023-08-28,KOTWALI
2023-08-28,NEWUSMANPUR
2023-08-25,GTBENCLAVE
2023-08-27,KOTWALI
2023-08-23,KALYANPURI
2023-08-25,SEELAMPUR
2023-08-27,BAWANA
2023-08-28,GHAZIPUR
2023-07-25,KNKATJUMARG
2023-08-27,BAWANA
2023-08-25,DARYAGANJ
2023-07-28,PAHARGANJ
2023-08-19,TILAKNAGAR
2023-08-28,VASANTKUNJSOUTH
2023-08-28,KASHMERIGATE
2023-08-27,KASHMERIGATE
2023-08-26,KASHMERIGATE
2023-08-24,SUBZIMANDI
2023-08-28,HARINAGAR
2023-08-27,KALKAJI
2023-08-29,LAHORIGATE
2023-08-27,RAJOURIGARDEN
2023-08-28,SHAKARPUR
2023-08-28,SUNLIGHTCOLONY
2023-08-19,NARELA
2023-08-28,IPESTATE
2023-07-27,ANANDVIHARRLYSTN
2023-07-25,SAFDARJUNGENCLAVE
2023-08-18,VASANTKUNJSOUTH
2023-08-25,KHYALA
2023-08-30,KOTWALI
2023-08-26,KALYANPURI
2023-08-30,PUNJABIBAGH
2023-08-29,SARAIROHILLA
2023-08-26,MANGOLPURI
2023-08-22,KHAJURIKHAS
2023-08-19,NEWUSMANPUR
2023-08-20,NEWUSMANPUR
2023-08-30,GULABIBAGH
2023-08-31,DBGROAD
2023-08-31,TIMARPUR
2023-08-31,SAMAIPURBADLI
2023-08-24,KASHMERIGATE
2023-08-26,KASHMERIGATE
2023-08-31,NARELAINDUSTRIALAREA
2023-08-30,KAMLAMARKET
2023-09-01,KNKATJUMARG
2023-09-01,KNKATJUMARG
2023-09-01,PATPARGANJINDUSTRIALAREA
2023-09-01,SUBHASHPLACE
2023-09-01,LODICOLONY
2023-08-29,LODICOLONY
2023-08-30,MANGOLPURI
2023-08-23,MANGOLPURI
2023-08-31,ALIPUR
2023-08-31,SULTANPURI
2023-08-19,KHYALA
2023-08-20,LODICOLONY
2023-08-26,BINDAPUR
2023-09-02,PREETVIHAR
2023-09-01,DBGROAD
2023-09-01,JANAKPURI
2023-09-02,HARINAGAR
2022-12-09,NIHALVIHAR
2023-09-02,KOTWALI
2023-08-11,OKHLAINDUSTRIALAREA
2023-09-01,DARYAGANJ
2023-08-31,GEETACOLONY
2023-09-02,PREETVIHAR
2023-09-01,KASHMERIGATE
2023-09-01,CIVILLINES
2023-09-01,KASHMERIGATE
2023-08-31,KASHMERIGATE
2023-08-31,KASHMERIGATE
2023-08-31,KASHMERIGATE
2023-09-01,DARYAGANJ
2023-08-28,SAMAIPURBADLI
2023-09-03,PREMNAGAR
2023-09-01,MADHUVIHAR
2023-09-01,KOTWALI
2023-09-03,LAHORIGATE
2023-09-04,BUDHVIHAR
2023-09-04,KNKATJUMARG
2023-09-01,KASHMERIGATE
2023-09-04,ANANDVIHARRLYSTN
2023-09-04,BAWANA
2023-09-03,SHASTRIPARK
2023-09-03,PANDAVNAGAR
2023-08-03,PUNJABIBAGH
2023-08-04,PUNJABIBAGH
2023-08-30,PUNJABIBAGH
2023-08-24,MAHENDRAPARK
2023-09-04,KNKATJUMARG
2023-09-03,MANGOLPURI
2023-09-04,SULTANPURI
2023-08-31,SULTANPURI
2023-09-05,MADHUVIHAR
2023-09-05,MANGOLPURI
2023-09-03,SULTANPURI
2023-09-03,BHAJANPURA
2023-09-06,WAZIRABAD
2023-09-06,SUNLIGHTCOLONY
2023-09-06,JAHANGIRPURI
2023-09-06,NARELAINDUSTRIALAREA
2023-09-05,SHAHDARA
2023-08-15,NARAINA
2023-08-31,MADHUVIHAR
2023-09-07,JAMAMASJID
2023-09-07,FARSHBAZAR
2023-09-03,KHYALA
2023-09-04,ANANDVIHARRLYSTN
2023-09-08,SEEMAPURI
2023-09-11,RAJOURIGARDEN
2023-09-10,JANAKPURI
2023-09-10,HAUZQAZI
2023-09-07,LAHORIGATE
2023-09-06,LAHORIGATE
2023-09-06,IPESTATE
2023-09-11,IPESTATE
2023-07-15,BARAKHAMBAROAD
2023-09-10,BADARPUR
2023-09-12,MUNDKA
2023-09-06,MAYURVIHARPHI
2023-09-08,ADARSHNAGAR
2023-09-07,KASHMERIGATE
2023-08-31,KASHMERIGATE
2023-09-03,KASHMERIGATE
2023-08-30,KASHMERIGATE
2023-09-01,SUBZIMANDI
2023-09-09,KOTWALI
2023-09-12,INDERPURI
2023-08-25,GOVINDPURI
2023-09-09,GTBENCLAVE
2023-09-08,KAROLBAGH
2023-08-30,MANSAROVARPARK
2023-09-06,IPESTATE
2023-09-10,BADARPUR
2023-09-08,CHANKYAPURI
2023-09-10,DARYAGANJ
2023-09-11,DARYAGANJ
2023-09-10,DARYAGANJ
2023-08-24,MAHENDRAPARK
2023-09-12,JAHANGIRPURI
2023-09-11,MANGOLPURI
2023-08-31,GOVINDPURI
2023-09-13,PARLIAMENTSTREET
2023-09-13,PARLIAMENTSTREET
2023-09-13,PARLIAMENTSTREET
2023-09-13,PARLIAMENTSTREET
2023-09-09,HARINAGAR
2023-08-29,SUBZIMANDI
2023-09-07,CIVILLINES
2023-08-31,CIVILLINES
2023-09-07,GTBENCLAVE
2023-09-12,KAMLAMARKET
2023-09-06,LAHORIGATE
2023-09-03,LAHORIGATE
2023-09-07,LAHORIGATE
2023-09-13,TIMARPUR
2023-09-14,JAHANGIRPURI
2023-09-14,DARYAGANJ
2023-09-14,JAHANGIRPURI
2023-09-13,LAHORIGATE
2023-09-13,GTBENCLAVE
2023-09-08,ADARSHNAGAR
2023-09-13,TIMARPUR
2023-09-10,SWARUPNAGAR
2023-09-06,HARINAGAR
2023-09-14,SARAIROHILLA
2023-09-15,PASCHIMVIHAREAST
2023-09-15,PASCHIMVIHAREAST
2023-09-13,MANGOLPURI
2023-09-15,TIMARPUR
2023-09-15,MANDIRMARG
2023-09-14,NARELA
2023-09-11,PUNJABIBAGH
2023-09-16,PRASHANTVIHAR
2023-09-04,NANGLOI
2023-09-15,KASHMERIGATE
2023-09-14,KASHMERIGATE
2023-09-01,KASHMERIGATE
2023-09-08,NARELA
2023-08-21,KALYANPURI
2023-08-27,RAJOURIGARDEN
2023-09-15,ANANDVIHAR
2023-09-05,MADHUVIHAR
2023-08-27,JAHANGIRPURI
2023-09-08,SHASTRIPARK
2023-09-07,KALYANPURI
2023-08-09,KASHMERIGATE
2023-09-16,JAMAMASJID
2023-08-18,KASHMERIGATE
2023-08-21,KASHMERIGATE
2023-08-16,KASHMERIGATE
2023-09-12,PUNJABIBAGH
2023-09-02,SAFDARJUNGENCLAVE
2023-09-16,MEHRAULI
2023-09-18,KALYANPURI
2023-09-18,TILAKMARG
2023-09-18,CIVILLINES
2023-09-11,SHAHDARA
2023-09-18,KOTWALI
2023-09-14,MEHRAULI
2023-08-19,SAFDARJUNGENCLAVE
2023-09-13,KALYANPURI
2023-09-18,KASHMERIGATE
2023-09-15,KASHMERIGATE
2023-09-17,MOTINAGAR
2023-09-18,ROOPNAGAR
2023-08-31,KASHMERIGATE
2023-09-16,LAXMINAGAR
2023-09-18,TIGRI
2023-09-08,SARAIROHILLA
2023-09-16,ADARSHNAGAR
2023-09-18,TILAKMARG
2023-09-13,GTBENCLAVE
2023-09-06,GTBENCLAVE
2023-09-16,RAJOURIGARDEN
2023-09-16,RAJOURIGARDEN
2023-09-20,DWARKASOUTH
2023-08-17,PASCHIMVIHAREAST
2023-09-19,BURARI
2023-09-20,BURARI
2023-08-19,SAFDARJUNGENCLAVE
2023-06-02,KAPASHERA
2023-09-21,BADARPUR
2023-09-20,KAROLBAGH
2023-09-21,MOTINAGAR
2023-09-08,ADARSHNAGAR
2023-09-21,KAMLAMARKET
2023-09-21,PAHARGANJ
2023-09-22,PULPRAHLADPUR
2023-09-04,PASCHIMVIHARWEST
2023-09-21,KOTWALI
2023-09-20,LAHORIGATE
2023-08-28,SUNLIGHTCOLONY
2023-09-22,IPESTATE
2023-09-23,NARELA
2023-09-08,HARINAGAR
2023-09-23,NARAINA
2023-09-22,NORTHAVENUE
2023-09-23,MANSAROVARPARK
2023-09-23,HARSHVIHAR
2023-09-21,SAFDARJUNGENCLAVE
2023-09-22,CIVILLINES
2023-09-22,PATPARGANJINDUSTRIALAREA
2023-09-15,MOTINAGAR
2023-09-22,NEBSARAI
2023-09-13,BAWANA
2023-09-23,NARAINA
2023-09-25,GTBENCLAVE
2023-09-25,BARAHINDURAO
2023-09-24,KNKATJUMARG
2023-09-22,KASHMERIGATE
2023-09-24,JANAKPURI
2023-09-25,MANGOLPURI
2023-08-31,KHYALA
2023-09-21,SAFDARJUNGENCLAVE
2023-09-24,CIVILLINES
2023-09-24,AMARCOLONY
2023-09-23,PATPARGANJINDUSTRIALAREA
2023-09-26,MAIDANGARHI
2023-09-14,GHAZIPUR
2023-09-26,SAMAIPURBADLI
2023-09-25,PASCHIMVIHARWEST
2023-09-25,PASCHIMVIHARWEST
2023-09-24,AMARCOLONY
2023-09-03,BHAJANPURA
2023-09-24,BINDAPUR
2023-09-25,MOTINAGAR
2023-09-25,MADHUVIHAR
2023-09-19,SAFDARJUNGENCLAVE
2023-08-29,LODICOLONY
2023-09-03,SULTANPURI
2023-09-28,MANDIRMARG
2023-09-26,KASHMERIGATE
2023-09-24,MANGOLPURI
2023-09-28,DELHICANTT
2023-09-28,SAMAIPURBADLI
2023-09-28,PRASADNAGAR
2023-09-28,PAHARGANJ
2023-09-25,SAFDARJUNGENCLAVE
2023-09-28,MANDIRMARG
2023-09-26,KOTWALI
2023-09-26,CIVILLINES
2023-09-26,KOTWALI
2023-09-21,BADARPUR
2023-09-27,DARYAGANJ
2023-09-27,DELHICANTT
2023-09-02,HAUZKHAS
2023-09-28,BARAHINDURAO
2023-03-09,HARINAGAR
2023-03-09,HARINAGAR
2023-09-29,KOTWALI
2023-09-17,SAFDARJUNGENCLAVE
2023-09-20,SAMAIPURBADLI
2023-09-30,PARLIAMENTSTREET
2023-09-28,HARSHVIHAR
2023-09-04,PANDAVNAGAR
2023-09-23,GTBENCLAVE
2023-10-01,KISHANGARH
2023-09-19,JAHANGIRPURI
2023-09-05,RAJPARK
2023-09-30,BURARI
2023-09-30,BAWANA
2023-10-02,MAHENDRAPARK
2023-10-03,VIKASPURI
2023-09-23,ANANDVIHARRLYSTN
2023-10-02,SAFDARJUNGENCLAVE
2023-09-29,SAFDARJUNGENCLAVE
2023-10-02,KAMLAMARKET
2023-10-03,VIKASPURI
2023-10-02,KAPASHERA
2023-10-02,KAPASHERA
2023-10-04,KRISHNANAGAR
2023-10-01,HARINAGAR
2023-09-26,SHASTRIPARK
2023-10-03,WAZIRABAD
2023-09-15,DAYALPUR
2023-09-21,PAHARGANJ
2023-10-03,MANSAROVARPARK
2023-10-01,KASHMERIGATE
2023-10-01,KASHMERIGATE
2023-10-04,PREETVIHAR
2023-08-11,SARAIROHILLA
2023-10-05,KESHAVPURAM
2023-10-06,MOTINAGAR
2023-09-16,BAWANA
2023-09-18,BAWANA
2023-09-10,NANDNAGRI
2023-10-06,GTBENCLAVE
2023-10-05,NEWFRIENDSCOLONY
2023-09-10,SAFDARJUNGENCLAVE
2023-10-06,PAHARGANJ
2023-09-13,NEBSARAI
2023-10-07,KOTWALI
2023-02-05,SEELAMPUR
2023-04-19,SEELAMPUR
2023-09-19,SAFDARJUNGENCLAVE
2023-10-04,KNKATJUMARG
2023-10-08,SAFDARJUNGENCLAVE
2023-06-24,KOTWALI
2023-10-06,PASCHIMVIHAREAST
2023-10-08,SADARBAZAR
2023-10-08,BARAHINDURAO
2023-09-18,ROOPNAGAR
2023-10-08,KALKAJI
2023-10-07,MANDIRMARG
2023-10-08,MANDIRMARG
2023-10-08,MAHENDRAPARK
2023-10-08,KALYANPURI
2023-10-06,ADARSHNAGAR
2023-10-03,KOTWALI
2023-04-19,SEELAMPUR
2023-09-24,KNKATJUMARG
2023-10-10,JANAKPURI
2023-10-07,KASHMERIGATE
2023-10-06,GTBENCLAVE
2023-10-10,IPESTATE
2023-08-29,IPESTATE
2023-10-09,KASHMIRIGATEMETRO
2023-10-10,TILAKMARG
2023-10-10,VIKASPURI
2023-10-11,IPESTATE
2023-10-10,NEWUSMANPUR
2023-10-10,IPESTATE
2023-08-13,MODELTOWN
2023-08-24,MODELTOWN
2023-09-27,MODELTOWN
2023-09-03,MODELTOWN
2023-09-10,MODELTOWN
2023-09-16,MODELTOWN
2023-08-24,SAFDARJUNGENCLAVE
2023-09-21,SAFDARJUNGENCLAVE
2023-05-19,BARAKHAMBAROAD
2023-08-31,GOVINDPURI
2023-08-28,GOVINDPURI
2023-10-12,JAFFARPURKALAN
2023-10-11,BURARI
2023-10-11,LAHORIGATE
2023-10-12,KASHMERIGATE
2023-10-12,SUBZIMANDI
2023-10-11,CIVILLINES
2023-10-10,ANANDVIHAR
2023-08-27,VIJAYVIHAR
2023-10-12,CIVILLINES
2023-10-13,NORTHROHINI
2023-10-10,DBGROAD
2023-10-13,KAMLAMARKET
2023-10-09,NORTHROHINI
2023-09-09,CHANKYAPURI
2023-10-05,NEWFRIENDSCOLONY
2023-10-13,KESHAVPURAM
2023-10-13,AMANVIHAR
2023-10-13,AMANVIHAR
2023-10-14,JYOTINAGAR
2023-10-13,PATPARGANJINDUSTRIALAREA
2023-10-12,ADARSHNAGAR
2023-10-06,ADARSHNAGAR
2023-10-14,VIJAYVIHAR
2023-10-09,CIVILLINES
2023-10-15,MANDIRMARG
2023-10-05,MEHRAULI
2023-10-15,FATEHPURBERI
2023-10-02,PATPARGANJINDUSTRIALAREA
2023-10-06,KASHMERIGATE
2023-09-11,KASHMERIGATE
2023-08-27,KASHMERIGATE
2023-10-13,TILAKNAGAR
2023-10-16,SAFDARJUNGENCLAVE
2023-10-10,CIVILLINES
2023-10-16,NEWUSMANPUR
2023-09-03,SUNLIGHTCOLONY
2023-10-15,FATEHPURBERI
2023-10-10,MANDIRMARG
2023-10-06,GTBENCLAVE
2023-10-14,GOVINDPURI
2023-10-14,LAHORIGATE
2023-10-12,LAHORIGATE
2023-10-16,ANANDVIHARRLYSTN
2023-10-16,MAHENDRAPARK
2023-10-08,RAJPARK
2023-10-15,SUNLIGHTCOLONY
2023-10-17,NEWUSMANPUR
2023-10-17,NANGLOI
2023-10-17,NEWFRIENDSCOLONY
2023-10-06,GTBENCLAVE
2023-10-05,PREETVIHAR
2023-10-12,PAHARGANJ
2023-10-18,SUNLIGHTCOLONY
2023-10-16,BHARATNAGAR
2023-10-17,LAHORIGATE
2023-10-18,LODICOLONY
2023-10-16,BHARATNAGAR
2023-10-17,SAFDARJUNGENCLAVE
2023-10-18,NEWFRIENDSCOLONY
2023-10-12,LAHORIGATE
2023-09-21,BADARPUR
2023-10-18,DARYAGANJ
2023-10-05,BINDAPUR
2023-10-19,BAWANA
2023-09-10,BADARPUR
2023-10-19,SAFDARJUNGENCLAVE
2023-10-20,NANGLOI
2023-10-19,NANGLOI
2023-09-26,LODICOLONY
2023-10-19,PAHARGANJ
2023-09-24,SAFDARJUNGENCLAVE
2023-08-21,SAFDARJUNGENCLAVE
2023-10-21,KASHMERIGATE
2023-10-19,LAHORIGATE
2023-10-19,CIVILLINES
2023-10-21,TUGHLAKROAD
2023-10-20,LAHORIGATE
2023-10-18,PAHARGANJ
2023-10-20,MANGOLPURI
2023-10-21,GTBENCLAVE
2023-10-21,GTBENCLAVE
2023-10-20,TIMARPUR
2023-10-20,TIMARPUR
2023-10-20,TUGHLAKROAD
2023-10-22,PASCHIMVIHAREAST
2023-10-22,JAMAMASJID
2023-10-09,NANGLOI
2023-10-22,JAMAMASJID
2023-10-06,FARSHBAZAR
2023-10-22,SUNLIGHTCOLONY
2023-10-22,JAMAMASJID
2023-10-23,SAFDARJUNGENCLAVE
2023-10-23,AMARCOLONY
2023-10-20,KALYANPURI
2022-08-10,MOTINAGAR
2022-07-19,MOTINAGAR
2023-09-15,MOTINAGAR
2023-09-18,MOTINAGAR
2023-10-23,NEWFRIENDSCOLONY
2023-10-24,ROOPNAGAR
2023-10-24,SUBZIMANDI
2023-10-24,PATPARGANJINDUSTRIALAREA
2023-10-19,BURARI
2023-10-24,KOTWALI
2023-10-22,NANDNAGRI
2023-10-18,KASHMERIGATE
2023-10-20,LAHORIGATE
2023-10-20,LAHORIGATE
2023-10-24,ROOPNAGAR
2023-10-22,MANGOLPURI
2023-10-24,MOTINAGAR
2023-10-24,MOTINAGAR
2023-10-26,MAYURVIHARPHI
2023-10-26,SAMAIPURBADLI
2023-10-16,GTBENCLAVE
2023-10-19,GTBENCLAVE
2023-10-19,BURARI
2023-10-26,TILAKMARG
2023-10-25,HARSHVIHAR
2023-10-25,NORTHAVENUE
2023-10-23,SOUTHCAMPUS
2023-10-11,KASHMERIGATE
2023-10-27,KALKAJI
2023-10-17,NEWFRIENDSCOLONY
2023-10-17,NEWUSMANPUR
2023-10-27,WAZIRABAD
2023-10-28,PUNJABIBAGH
2023-10-23,KOTWALI
2023-10-27,KOTWALI
2023-10-28,PALAMVILLAGE
2023-10-26,JANAKPURI
2023-10-10,NEWUSMANPUR
2023-10-16,NEWUSMANPUR
2023-10-28,PALAMVILLAGE
2023-10-29,MANDIRMARG
2023-10-29,PRASADNAGAR
2023-10-24,RAJOURIGARDEN
2023-10-29,BHALSWADIARY
2023-10-19,ADARSHNAGAR
2023-09-25,NAJAFGARH
2023-10-29,KOTWALI
2023-10-29,SOROJININAGAR
2023-10-29,HAUZQAZI
2023-10-25,KASHMERIGATE
2023-10-28,SULTANPURI
2023-10-30,PATPARGANJINDUSTRIALAREA
2023-10-28,SUBZIMANDI
2023-10-24,BAWANA
2023-10-25,NORTHROHINI
2023-10-29,SEELAMPUR
2023-10-27,HAUZKHAS
2023-10-27,HAUZKHAS
2023-10-30,SHAHDARA
2023-10-27,GANDHINAGAR
2023-09-05,VIVEKVIHAR
2023-10-29,VIVEKVIHAR
2023-10-30,SAFDARJUNGENCLAVE
2023-10-31,DWARKASOUTH
2023-10-25,KASHMERIGATE
2023-10-25,KASHMERIGATE
2023-10-25,NORTHROHINI
2023-10-31,NORTHROHINI
2023-10-31,KOTWALI
2023-10-31,KALYANPURI
2023-10-31,SOROJININAGAR
2023-10-29,AMANVIHAR
2023-10-31,NORTHROHINI
2023-10-27,OKHLAINDUSTRIALAREA
2023-10-26,CIVILLINES
2023-10-29,AMANVIHAR
2023-10-30,KAPASHERA
2023-10-10,MOTINAGAR
2023-09-14,SARAIROHILLA
2023-11-01,RAJOURIGARDEN
2023-10-19,PARLIAMENTSTREET
2023-10-28,LAHORIGATE
2023-11-02,GOVINDPURI
2023-10-30,ALIPUR
2023-11-03,IPESTATE
2023-11-01,SAFDARJUNGENCLAVE
2023-11-03,PASCHIMVIHARWEST
2023-10-25,IPESTATE
2023-11-03,NANGLOI
2023-10-19,ADARSHNAGAR
2023-11-04,MANGOLPURI
2023-10-22,WELCOME
2023-11-02,CIVILLINES
2023-10-31,CIVILLINES
2023-11-03,NANGLOI
2023-10-29,DARYAGANJ
2023-11-03,SAFDARJUNGENCLAVE
2023-11-03,SAFDARJUNGENCLAVE
2023-11-03,SAFDARJUNGENCLAVE
2023-11-05,CONNAUGHTPLACE
2023-10-28,LAHORIGATE
2023-11-01,RAJOURIGARDEN
2023-09-29,RANHOLA
2023-11-05,BHAJANPURA
2023-11-04,SAFDARJUNGENCLAVE
2023-11-06,SUBZIMANDI
2023-11-03,CIVILLINES
2023-10-29,SUNLIGHTCOLONY
2023-11-06,SOROJININAGAR
2023-11-07,DWARKANORTH
2023-11-07,MANDIRMARG
2023-11-07,CIVILLINES
2023-11-04,BURARI
2023-11-06,SUBZIMANDI
2023-10-02,BARAHINDURAO
2023-10-02,BARAHINDURAO
2023-11-07,PATPARGANJINDUSTRIALAREA
2023-09-15,BAWANA
2023-11-08,SULTANPURI
2023-10-27,NANDNAGRI
2023-10-29,NANDNAGRI
2023-11-04,KAMLAMARKET
2023-10-20,PAHARGANJ
2023-10-03,PAHARGANJ
2023-10-19,PAHARGANJ
2023-11-07,KAMLAMARKET
2023-11-09,BADARPUR
2023-10-25,NIHALVIHAR
2023-09-09,SAFDARJUNGENCLAVE
2023-06-06,SAFDARJUNGENCLAVE
2023-11-09,PARLIAMENTSTREET
2023-11-09,PARLIAMENTSTREET
2023-08-06,SAFDARJUNGENCLAVE
2023-11-08,PATPARGANJINDUSTRIALAREA
2023-11-03,IPESTATE
2023-11-09,MOHANGARDEN
2023-11-09,SEEMAPURI
2023-11-08,KOTWALI
2023-11-08,KASHMERIGATE
2023-11-08,KASHMERIGATE
2023-10-31,KASHMERIGATE
2023-11-09,OKHLAINDUSTRIALAREA
2023-11-10,PASCHIMVIHARWEST
2023-11-10,ALIPUR
2023-11-10,PAHARGANJ
2023-11-10,PATPARGANJINDUSTRIALAREA
2023-11-11,JYOTINAGAR
2023-11-10,LAHORIGATE
2023-11-11,MAHENDRAPARK
2023-11-10,ALIPUR
2023-11-11,PAHARGANJ
2023-11-11,SARAIROHILLA
2023-11-09,GANDHINAGAR
2023-11-11,KAMLAMARKET
2023-11-11,RAJOURIGARDEN
2023-11-12,DBGROAD
2023-11-12,KOTWALI
2023-11-12,KOTWALI
2023-11-08,SULTANPURI
2023-11-03,TIMARPUR
2023-11-12,TIMARPUR
2023-11-03,NANGLOI
2023-10-17,NANGLOI
2023-11-13,BINDAPUR
2023-11-12,BAWANA
2023-11-12,KRISHNANAGAR
2023-11-13,KRISHNANAGAR
2023-11-10,CIVILLINES
2023-11-11,HARINAGAR
2023-11-13,LAHORIGATE
2023-11-13,NEWUSMANPUR
2023-11-06,NEWUSMANPUR
2023-11-13,SEELAMPUR
2023-11-11,MANDIRMARG
2023-11-11,KASHMERIGATE
2023-11-03,MANSAROVARPARK
2023-11-12,ANANDVIHAR
2023-11-12,RAJINDERNAGAR
2023-11-14,BAWANA
2023-11-14,BAWANA
2023-11-14,KRISHNANAGAR
2023-11-08,PUNJABIBAGH
2023-11-08,BARAHINDURAO
2023-11-13,LAJPATNAGAR
2023-11-10,KASHMERIGATE
2023-11-10,KASHMERIGATE
2023-11-12,SARAIROHILLA
2023-11-14,KASHMERIGATE
2023-11-12,GTBENCLAVE
2023-11-14,GTBENCLAVE
2023-11-14,DBGROAD
2023-11-10,LAHORIGATE
2023-11-14,SUBZIMANDI
2023-11-13,PUNJABIBAGH
2023-11-15,NORTHAVENUE
2023-11-13,TILAKNAGAR
2023-11-13,KASHMERIGATE
2023-11-15,SUBZIMANDI
2023-11-15,KNKATJUMARG
2023-03-12,NIHALVIHAR
2023-11-13,SEELAMPUR
2023-11-14,BAWANA
2023-11-01,SAFDARJUNGENCLAVE
2023-11-15,NANDNAGRI
2023-11-12,SHAHDARA
2023-11-10,OKHLAINDUSTRIALAREA
2023-11-16,BURARI
2023-11-13,NIHALVIHAR
2023-11-12,PAHARGANJ
2023-11-16,SUBZIMANDI
2023-08-19,SUNLIGHTCOLONY
2023-11-16,PANDAVNAGAR
2023-11-15,PALAMVILLAGE
2023-11-13,TILAKNAGAR
2023-10-15,SUNLIGHTCOLONY
2023-11-14,BURARI
2023-11-06,JYOTINAGAR
2023-11-15,HARINAGAR
2023-11-04,KASHMERIGATE
2023-10-18,KASHMERIGATE
2023-11-17,KASHMERIGATE
2023-11-12,KASHMERIGATE
2023-11-14,KASHMERIGATE
2023-11-13,KASHMERIGATE
2023-11-17,KASHMERIGATE
2023-11-16,NEWUSMANPUR
2023-10-26,GTBENCLAVE
2023-11-16,MANDIRMARG
2023-09-23,ANANDVIHARRLYSTN
2023-11-17,DWARKANORTH
2023-11-18,IPESTATE
2023-10-30,IPESTATE
2023-11-18,MEHRAULI
2023-11-18,NANGLOI
2023-11-18,KHYALA
2023-11-18,KHYALA
2023-11-18,SULTANPURI
2023-11-17,SULTANPURI
2023-11-15,MANGOLPURI
2023-11-18,KHYALA
2023-11-19,MANGOLPURI
2023-11-19,CONNAUGHTPLACE
2023-11-19,PASCHIMVIHARWEST
2023-11-19,TIMARPUR
2023-11-19,KOTWALI
2023-11-20,MANDIRMARG
2023-11-15,NANDNAGRI
2023-11-18,KRISHNANAGAR
2023-11-19,JAMAMASJID
2023-11-16,MAYURVIHARPHI
2023-11-21,JAHANGIRPURI
2023-11-21,KOTWALI
2023-11-20,LAHORIGATE
2023-11-21,NANGLOI
2023-11-20,DEFENCECOLONY
2023-11-22,JAMAMASJID
2023-11-22,CIVILLINES
2023-11-21,CIVILLINES
2023-11-20,HARINAGAR
2023-11-22,KOTWALI
2023-11-21,TIMARPUR
2023-11-21,DARYAGANJ
2023-10-02,MAHENDRAPARK
2023-11-13,JYOTINAGAR
2023-11-23,KNKATJUMARG
2023-11-23,MAHENDRAPARK
2023-11-19,INDERPURI
2023-11-23,JAITPUR
2023-11-21,GTBENCLAVE
2023-11-23,LAHORIGATE
2023-11-22,JAMAMASJID
2023-11-21,KNKATJUMARG
2023-09-25,SAFDARJUNGENCLAVE
2023-11-23,MOTINAGAR
2023-11-10,OKHLAINDUSTRIALAREA
2023-11-24,KOTWALI
2023-11-24,KOTWALI
2023-11-24,GULABIBAGH
2023-11-24,LAJPATNAGAR
2023-11-24,SAMAIPURBADLI
2023-10-29,SOROJININAGAR
2023-11-23,KAMLAMARKET
2023-11-24,KAMLAMARKET
2023-11-22,PAHARGANJ
2023-11-22,DABRI
2023-11-24,PATPARGANJINDUSTRIALAREA
2023-11-25,KOTWALI
2023-11-25,MANDIRMARG
2023-11-25,LAHORIGATE
2023-11-22,PREMNAGAR
2023-11-24,KASHMERIGATE
2023-11-20,KASHMERIGATE
2023-11-20,KASHMERIGATE
2023-11-24,GOVINDPURI
2023-11-25,KASHMERIGATE
2023-11-25,AMARCOLONY
2023-11-20,AMARCOLONY
2023-11-26,KOTWALI
2023-11-26,MANGOLPURI
2023-11-19,HARINAGAR
2023-11-24,KASHMERIGATE
2023-11-11,DBGROAD
2023-10-10,DBGROAD
2023-11-27,ANANDVIHARRLYSTN
2023-11-20,NAJAFGARH
2023-11-27,KAROLBAGH
2023-11-27,CIVILLINES
2023-11-27,KOTWALI
2023-11-28,GTBENCLAVE
2023-11-28,BHAJANPURA
2023-11-27,KHAJURIKHAS
2023-11-28,SHALIMARBAGH
2023-11-13,LODICOLONY
2023-11-18,TILAKNAGAR
2023-11-19,TILAKNAGAR
2023-11-26,SEEMAPURI
2023-11-28,KAMLAMARKET
2023-11-29,TUGHLAKROAD
2023-11-28,GTBENCLAVE
2023-11-28,MANSAROVARPARK
2023-11-11,LODICOLONY
2023-11-24,RAJOURIGARDEN
2023-11-29,TUGHLAKROAD
2023-11-08,KHAJURIKHAS
2023-11-15,KOTWALI
2023-11-29,KOTWALI
2023-11-29,SUBZIMANDI
2023-11-30,MANDIRMARG
2023-11-26,PRASADNAGAR
2023-11-30,BHALSWADIARY
2023-11-27,KASHMERIGATE
2023-11-26,KASHMERIGATE
2023-11-29,KASHMERIGATE
2023-11-30,KASHMERIGATE
2023-12-01,KOTWALI
2023-12-01,MAHENDRAPARK
2023-11-25,MAHENDRAPARK
2023-11-30,KOTWALI
2023-11-29,KOTWALI
2023-12-01,BADARPUR
2023-11-27,SAMAIPURBADLI
2023-12-01,DWARKANORTH
2023-12-01,BUDHVIHAR
2023-12-01,NANDNAGRI
2023-12-01,AMANVIHAR
2023-11-19,MANGOLPURI
2023-10-17,HARSHVIHAR
2023-11-06,SOROJININAGAR
2023-12-01,PUNJABIBAGH
2023-11-30,HAUZQAZI
2023-11-24,GREATERKAILASH
2023-12-02,KOTWALI
2023-11-27,OKHLAINDUSTRIALAREA
2023-12-02,ANANDVIHARRLYSTN
2023-11-05,CONNAUGHTPLACE
2023-12-02,MAHENDRAPARK
2023-12-03,LAHORIGATE
2023-12-03,BAWANA
2023-12-03,BAWANA
2023-12-03,SWARUPNAGAR
2023-11-28,SADARBAZAR
2023-08-21,PARLIAMENTSTREET
2023-11-27,GEETACOLONY
2023-12-02,CIVILLINES
2023-12-03,GTBENCLAVE
2023-11-21,TIMARPUR
2023-12-04,KNKATJUMARG
2023-12-05,NARELAINDUSTRIALAREA
2023-12-05,BADARPUR
2023-12-06,RANIBAGH
2023-12-06,LAHORIGATE
2023-12-06,AMBEDKARNAGAR
2023-12-05,ROOPNAGAR
2023-12-06,GULABIBAGH
2023-12-06,PAHARGANJ
2023-12-06,KOTWALI
2023-12-06,WAZIRABAD
2023-12-05,KAMLAMARKET
2023-11-30,BHALSWADIARY
2023-11-02,GOVINDPURI
2023-11-16,PUNJABIBAGH
2023-11-30,PUNJABIBAGH
2023-11-30,PUNJABIBAGH
2023-10-30,SAFDARJUNGENCLAVE
2023-12-06,SOUTHROHINI
2023-11-30,KHYALA
2023-12-05,MAYAPURI
2023-12-06,SADARBAZAR
2023-12-05,MAYAPURI
2023-11-27,KASHMERIGATE
2023-11-07,MANDIRMARG
2023-12-08,MUNDKA
2023-11-24,SUBZIMANDI
2023-12-08,KOTWALI
2023-12-03,BHARATNAGAR
2023-12-06,PREMNAGAR
2023-12-08,BUDHVIHAR
2023-12-08,DWARKASOUTH
2023-12-04,CIVILLINES
2023-11-25,HAUZKHAS
2023-12-07,MAHENDRAPARK
2023-11-29,MAHENDRAPARK
2023-12-08,GTBENCLAVE
2023-10-21,SUNLIGHTCOLONY
2023-12-10,SADARBAZAR
2023-12-09,VIKASPURI
2023-12-09,ANANDVIHARRLYSTN
2023-12-11,VIKASPURI
2023-12-09,KASHMERIGATE
2023-12-11,KASHMERIGATE
2023-12-11,LAHORIGATE
2023-12-10,BURARI
2023-12-10,LAHORIGATE
2023-05-27,SUBZIMANDI
2023-12-11,MANSAROVARPARK
2023-12-07,IPESTATE
2023-12-09,OKHLAINDUSTRIALAREA
2023-12-11,SAKET
2023-12-11,SWARUPNAGAR
2023-12-09,DABRI
2023-11-15,PALAMVILLAGE
2023-09-30,BURARI
2023-12-12,CHANDNIMAHAL
2023-12-11,NORTHAVENUE
2023-10-23,GTBENCLAVE
2023-12-07,RKPURAM
2023-12-02,DARYAGANJ
2023-11-11,PAHARGANJ
2023-12-10,LAHORIGATE
2023-12-01,SAFDARJUNGENCLAVE
2023-12-10,SUBZIMANDI
2023-11-17,MANDIRMARG
2023-11-11,KAMLAMARKET
2023-11-29,MANDIRMARG
2023-12-12,KNKATJUMARG
2023-12-15,SOROJININAGAR
2023-12-08,FARSHBAZAR
2023-11-25,ANANDVIHARRLYSTN
2023-11-15,ANANDVIHARRLYSTN
2023-12-11,KASHMERIGATE
2023-10-01,KASHMERIGATE
2023-10-18,KASHMERIGATE
2023-12-15,NARELAINDUSTRIALAREA
2023-12-15,SADARBAZAR
2023-12-16,MAURICENAGAR
2023-12-16,KOTWALI
2023-12-14,KISHANGARH
2023-12-09,NARELA
2023-12-14,KAPASHERA
2023-12-16,ANANDVIHAR
2023-12-16,DARYAGANJ
2023-10-23,GTBENCLAVE
2023-08-22,SUNLIGHTCOLONY
2023-12-17,VIKASPURI
2023-12-16,VIKASPURI
2023-12-17,KOTWALI
2023-12-16,VIKASPURI
2023-12-16,RAJOURIGARDEN
2023-12-16,WAZIRABAD
2023-12-11,LODICOLONY
2023-12-15,JANAKPURI
2023-12-18,SADARBAZAR
2023-12-18,PATPARGANJINDUSTRIALAREA
2023-12-15,SARITAVIHAR
2023-12-15,SARITAVIHAR
2023-12-19,KOTWALI
2023-12-09,AMANVIHAR
2023-08-20,PRASHANTVIHAR
2023-12-19,SHAHBADDIARY
2023-12-18,JAITPUR
2023-12-20,BINDAPUR
2023-12-19,PAHARGANJ
2023-12-16,AMANVIHAR
2023-12-18,SHASTRIPARK
2023-12-20,JAHANGIRPURI
2023-12-18,IPESTATE
2023-11-28,BADARPUR
2023-12-09,AMANVIHAR
2023-12-16,AMANVIHAR
2023-10-31,KASHMERIGATE
2023-11-08,KASHMERIGATE
2023-11-10,KASHMERIGATE
2023-11-11,KASHMERIGATE
2023-11-13,KASHMERIGATE
2023-11-14,KASHMERIGATE
2023-11-12,KASHMERIGATE
2023-10-18,KASHMERIGATE
2023-11-04,KASHMERIGATE
2023-12-12,MUNDKA
2023-12-08,MALVIYANAGAR
2023-12-20,CIVILLINES
2023-12-20,IPESTATE
2023-12-20,IPESTATE
2023-12-20,LAHORIGATE
2023-11-28,DARYAGANJ
2023-12-09,ANANDVIHARRLYSTN
2023-11-19,CONNAUGHTPLACE
2023-12-22,GOVINDPURI
2023-12-22,KASHMERIGATE
2023-12-22,KNKATJUMARG
2023-12-22,KOTWALI
2023-12-21,BABAHARIDASNAGAR
2023-12-12,MAHENDRAPARK
2023-09-30,PARLIAMENTSTREET
2023-12-23,SAFDARJUNGENCLAVE
2023-12-20,SAGARPUR
2023-12-20,NEWASHOKNAGAR
2023-11-06,NARAINA
2023-12-23,GULABIBAGH
2023-12-23,SHALIMARBAGH
2023-12-23,KASHMERIGATE
2023-12-23,KASHMERIGATE
2023-12-23,KASHMERIGATE
2023-12-15,KASHMERIGATE
2023-08-31,SEEMAPURI
2023-08-26,ANANDVIHARRLYSTN
2023-10-16,ANANDVIHARRLYSTN
2023-12-24,MODELTOWN
2023-12-24,KOTWALI
2023-12-22,BHALSWADIARY
2023-12-24,SHASTRIPARK
2010-12-08,PREETVIHAR
2023-12-23,NEBSARAI
2023-12-25,BURARI
2023-12-25,JAMAMASJID
2023-12-26,MANDIRMARG
2023-12-26,KAROLBAGH
2023-12-24,KASHMERIGATE
2023-12-26,GTBENCLAVE
2023-12-25,KASHMERIGATE
2023-12-26,KHAJURIKHAS
2023-12-21,ROOPNAGAR
2023-12-26,CHHAWALA
2023-12-26,BADARPUR
2023-12-25,JAMAMASJID
2023-09-05,SEEMAPURI
2023-11-02,GOVINDPURI
2023-12-26,KHAJURIKHAS
2023-12-26,RAJPARK
2023-12-27,GTBENCLAVE
2023-12-27,GHAZIPUR
2023-12-19,SUNLIGHTCOLONY
2023-12-27,MANGOLPURI
2023-12-24,SUNLIGHTCOLONY
2023-12-14,PAHARGANJ
2023-07-20,PRASHANTVIHAR
2023-09-16,PRASHANTVIHAR
2023-12-21,PAHARGANJ
2023-11-30,PUNJABIBAGH
2023-02-07,NORTHROHINI
2023-07-25,NORTHROHINI
2023-06-14,NORTHROHINI
2023-12-27,SUNLIGHTCOLONY
2023-12-19,PANDAVNAGAR
2023-12-28,IPESTATE
2023-12-28,NORTHAVENUE
2023-12-27,RAJOURIGARDEN
2023-12-26,KAMLAMARKET
2023-12-29,KARAWALNAGAR
2023-12-29,KASHMERIGATE
2023-12-25,MUNDKA
2023-12-29,KAPASHERA
2023-12-12,MUNDKA
2023-12-29,MUNDKA
2023-12-24,PREETVIHAR
2023-03-02,BHALSWADIARY
2023-12-26,LAJPATNAGAR
2023-12-28,RAJOURIGARDEN
2023-12-29,SAFDARJUNGENCLAVE
2023-12-29,SAFDARJUNGENCLAVE
2023-12-27,OKHLAINDUSTRIALAREA
2023-12-29,SUBZIMANDI
2023-12-29,PREETVIHAR
2023-10-26,MANGOLPURI
2023-12-30,LAJPATNAGAR
2023-12-30,SAFDARJUNGENCLAVE
2023-12-29,HARINAGAR
2023-12-30,KOTWALI
2023-12-29,DARYAGANJ
2023-12-29,DARYAGANJ
2023-11-17,KASHMERIGATE
2023-11-20,KASHMERIGATE
2023-11-20,KASHMERIGATE
2023-11-24,KASHMERIGATE
2023-12-24,KASHMERIGATE
2023-11-25,KASHMERIGATE
2023-11-26,KASHMERIGATE
2023-11-27,KASHMERIGATE
2023-12-11,KASHMERIGATE
2023-12-09,KASHMERIGATE
2023-12-29,KASHMERIGATE
2023-12-29,SAFDARJUNGENCLAVE
2023-12-28,SAFDARJUNGENCLAVE
2023-12-29,SAFDARJUNGENCLAVE
2023-12-30,MANGOLPURI
2023-12-31,PAHARGANJ
2023-12-31,KOTWALI
2023-12-31,SUBZIMANDI
2023-12-24,CIVILLINES
2023-12-09,CHANDNIMAHAL
2023-12-29,SAFDARJUNGENCLAVE
2023-12-30,SAFDARJUNGENCLAVE
2023-12-31,DARYAGANJ
2024-01-01,KAROLBAGH
2024-01-01,LAHORIGATE
2024-01-01,SADARBAZAR
2024-01-01,SHAHBADDIARY
2023-01-04,ALIPUR
2023-12-30,KAMLAMARKET
2023-12-30,KOTWALI
2024-01-02,WAZIRABAD
2024-01-02,WAZIRABAD
2023-12-31,DARYAGANJ
2023-12-21,RANHOLA
2023-12-31,CHANDNIMAHAL
2024-01-01,KNKATJUMARG
2023-02-22,SWARUPNAGAR
2023-04-05,SWARUPNAGAR
2023-12-06,SADARBAZAR
2023-11-28,SADARBAZAR
2023-12-10,SADARBAZAR
2023-12-15,SADARBAZAR
2023-12-18,SADARBAZAR
2024-01-03,WELCOME
2023-10-15,NANGLOI
2024-01-02,KAMLAMARKET
2023-12-30,KHAJURIKHAS
2024-01-05,JANAKPURI
2024-01-05,KOTWALI
2024-01-03,NEWUSMANPUR
2024-01-06,KALYANPURI
2024-01-06,SHAHBADDIARY
2024-01-01,LAHORIGATE
2024-01-02,SOUTHROHINI
2024-01-04,SAFDARJUNGENCLAVE
2024-01-04,PAHARGANJ
2024-01-06,SOUTHROHINI
2024-01-04,GOVINDPURI
2024-01-04,PAHARGANJ
2024-01-07,DWARKANORTH
2024-01-07,JAMAMASJID
2024-01-07,ASHOKVIHAR
2024-01-07,ASHOKVIHAR
2024-01-07,KRISHNANAGAR
2024-01-06,JAHANGIRPURI
2023-12-27,IPESTATE
2024-01-07,JAMAMASJID
2024-01-07,KAMLAMARKET
2024-01-08,LODICOLONY
2024-01-06,NEWUSMANPUR
2024-01-07,SEELAMPUR
2024-01-07,GEETACOLONY
2024-01-05,NARELAINDUSTRIALAREA
2024-01-08,VIVEKVIHAR
2024-01-09,TUGHLAKROAD
2023-12-29,CIVILLINES
2024-02-26,RANHOLA
2024-01-01,TILAKNAGAR
2023-11-22,GOVINDPURI
2024-01-10,NORTHAVENUE
2024-01-10,KAROLBAGH
2024-01-10,KALYANPURI
2024-01-09,KALKAJI
2024-01-09,SHAKARPUR
2024-01-10,KOTWALI
2024-01-08,IPESTATE
2024-01-10,SADARBAZAR
2024-01-09,TUGHLAKROAD
2024-01-09,FATEHPURBERI
2024-01-08,KOTWALI
2024-01-03,WELCOME
2024-01-10,JAGATPURI
2024-01-09,ADARSHNAGAR
2024-01-11,SADARBAZAR
2024-01-11,SHAHBADDIARY
2024-01-10,PARLIAMENTSTREET
2024-01-12,CHHAWALA
2024-01-05,LAHORIGATE
2024-01-12,ALIPUR
2024-01-12,SARITAVIHAR
2024-01-12,KESHAVPURAM
2024-01-12,NORTHAVENUE
2024-01-08,IPESTATE
2024-01-13,IPESTATE
2024-01-13,MANSAROVARPARK
2024-01-13,AMBEDKARNAGAR
2024-01-13,KNKATJUMARG
2024-01-11,IPESTATE
2024-01-10,PARLIAMENTSTREET
2024-01-13,DELHICANTT
2024-01-12,MODELTOWN
2024-01-14,UTTAMNAGAR
2024-01-13,DELHICANTT
2024-01-13,KALYANPURI
2024-01-14,HARINAGAR
2024-01-13,KOTWALI
2024-01-15,LAHORIGATE
2024-01-13,TIMARPUR
2024-01-13,DELHICANTT
2024-01-13,DELHICANTT
2024-01-13,SHASTRIPARK
2024-01-09,GTBENCLAVE
2024-01-14,IPESTATE
2024-01-11,LAHORIGATE
2024-01-16,KAPASHERA
2024-01-13,SAFDARJUNGENCLAVE
2024-01-16,SAFDARJUNGENCLAVE
2024-01-13,KASHMERIGATE
2024-01-05,NAJAFGARH
2024-01-16,SUBZIMANDI
2024-01-13,KHAJURIKHAS
2024-01-15,DARYAGANJ
2024-01-05,JANAKPURI
2024-01-11,PASCHIMVIHARWEST
2024-01-17,PASCHIMVIHARWEST
2024-01-11,KASHMERIGATE
2024-01-01,KASHMERIGATE
2024-01-05,NORTHROHINI
2024-01-15,ANANDVIHARRLYSTN
2024-01-17,AMANVIHAR
2024-01-15,NANGLOI
2024-01-18,KHYALA
2024-01-18,SARAIROHILLA
2024-01-10,KNKATJUMARG
2024-01-14,BEGUMPUR
2024-01-15,ANANDVIHARRLYSTN
2023-12-20,SAGARPUR
2024-01-17,VIVEKVIHAR
2024-01-10,KNKATJUMARG
2024-01-19,DWARKANORTH
2024-01-19,LAHORIGATE
2024-01-19,BARAHINDURAO
2024-01-15,ALIPUR
2024-01-16,GTBENCLAVE
2023-11-16,KHYALA
2024-01-18,KHYALA
2024-01-19,JAGATPURI
2024-01-20,SUBZIMANDI
2024-01-18,SUBZIMANDI
2024-01-20,ASHOKVIHAR
2024-01-20,KOTWALI
2024-01-20,MAURYAENCLAVE
2024-01-20,NORTHAVENUE
2024-01-20,SAMAIPURBADLI
2024-01-20,ALIPUR
2024-01-20,ALIPUR
2024-01-18,KHYALA
2024-01-17,SUBZIMANDI
2024-01-19,MAURICENAGAR
2024-01-21,SAGARPUR
2024-01-21,GULABIBAGH
2024-01-20,ASHOKVIHAR
2024-01-20,SUBZIMANDI
2024-01-22,AMANVIHAR
2024-01-21,LAJPATNAGAR
2024-01-22,KOTWALI
2024-01-22,KOTWALI
2024-01-13,SAFDARJUNGENCLAVE
2024-01-15,RANIBAGH
2024-01-20,ALIPUR
2024-01-23,KASHMERIGATE
2024-01-23,CIVILLINES
2024-01-23,BAWANA
2024-01-20,CIVILLINES
2024-01-17,CIVILLINES
2024-01-13,IPESTATE
2024-01-22,SHASTRIPARK
2024-01-17,GTBENCLAVE
2024-01-20,NEBSARAI
2024-01-24,JAMAMASJID
2024-01-24,NANDNAGRI
2024-01-16,NANDNAGRI
2024-01-24,KESHAVPURAM
2024-01-17,INDERPURI
2024-01-11,KHYALA
2024-01-24,NEWASHOKNAGAR
2024-01-23,KESHAVPURAM
2024-01-23,KESHAVPURAM
2024-01-18,GEETACOLONY
2024-01-21,KASHMERIGATE
2024-01-19,KASHMERIGATE
2024-01-24,KAMLAMARKET
2024-01-24,KAMLAMARKET
2024-01-08,PAHARGANJ
2024-01-12,NEWUSMANPUR
2024-01-25,DELHICANTT
2024-01-25,DELHICANTT
2024-01-22,LAHORIGATE
2024-01-16,LAHORIGATE
2024-01-25,DELHICANTT
2024-01-01,LAHORIGATE
2024-01-05,LAHORIGATE
2024-01-11,LAHORIGATE
2024-01-15,LAHORIGATE
2024-01-22,LAHORIGATE
2024-01-25,RANIBAGH
2024-01-26,GTBENCLAVE
2024-01-24,KOTWALI
2024-01-25,KOTWALI
2024-01-24,WAZIRABAD
2023-12-19,PARLIAMENTSTREET
2024-01-24,PUNJABIBAGH
2024-01-25,SAMAIPURBADLI
2024-01-18,SAGARPUR
2024-01-24,ANANDVIHARRLYSTN
2024-01-27,PATPARGANJINDUSTRIALAREA
2024-01-27,PRASHANTVIHAR
2024-01-17,GHAZIPUR
2024-01-28,WAZIRABAD
2024-01-28,CONNAUGHTPLACE
2024-01-31,CONNAUGHTPLACE
2024-01-22,KOTWALI
2024-01-03,NEWUSMANPUR
2024-01-06,NEWUSMANPUR
2024-01-26,BAWANA
2024-01-28,KAMLAMARKET
2024-01-30,MADHUVIHAR
2024-01-24,KASHMERIGATE
2024-01-29,LAHORIGATE
2024-01-28,SAFDARJUNGENCLAVE
2024-01-24,DBGROAD
2024-01-27,SUBZIMANDI
2024-01-30,NEWASHOKNAGAR
2024-01-29,LAHORIGATE
2024-01-16,LAHORIGATE
2024-01-30,NANDNAGRI
2024-01-19,IPESTATE
2024-01-30,LAXMINAGAR
2024-01-28,KAMLAMARKET
2024-01-31,JAHANGIRPURI
2024-01-31,JAHANGIRPURI
2024-01-31,JAHANGIRPURI
2024-01-29,ALIPUR
2024-01-09,ADARSHNAGAR
2024-01-27,HARINAGAR
2024-01-31,HARINAGAR
2024-01-30,HARINAGAR
2024-01-31,CONNAUGHTPLACE
2024-01-16,SAFDARJUNGENCLAVE
2024-02-01,KASHMERIGATE
2024-02-01,DBGROAD
2024-02-01,LAHORIGATE
2024-02-01,NORTHROHINI
2024-01-29,SARAIROHILLA
2024-02-01,KAMLAMARKET
2024-02-02,MANDIRMARG
2024-02-02,GTBENCLAVE
2024-02-02,KOTWALI
2024-01-29,KALKAJI
2024-01-31,KOTWALI
2024-02-01,WELCOME
2024-02-02,SWARUPNAGAR
2021-12-30,PREETVIHAR
2021-11-05,PREETVIHAR
2021-10-07,PREETVIHAR
2024-02-02,BARAHINDURAO
2024-01-01,KNKATJUMARG
2024-02-01,KAMLAMARKET
2023-12-23,SAFDARJUNGENCLAVE
2024-02-03,JAMAMASJID
2024-02-03,SHAHBADDIARY
2024-02-03,ASHOKVIHAR
2024-01-20,SUBZIMANDI
2024-01-30,MANDIRMARG
2024-02-01,SULTANPURI
2023-12-31,SULTANPURI
2024-02-04,TIMARPUR
2024-02-02,SULTANPURI
2024-01-14,NANGLOI
2024-02-05,NORTHROHINI
2024-02-06,MANDIRMARG
2024-01-18,MANDIRMARG
2024-02-04,ALIPUR
2024-01-30,BADARPUR
2024-02-07,NAJAFGARH
2024-02-02,KOTWALI
2024-02-07,KOTWALI
2024-02-07,CIVILLINES
2024-02-07,KOTWALI
2024-02-06,KASHMERIGATE
2024-02-05,KNKATJUMARG
2024-02-08,BURARI
2024-02-08,MAYAPURI
2024-02-08,GULABIBAGH
2024-02-06,LAHORIGATE
2024-02-08,JAHANGIRPURI
2024-01-21,GULABIBAGH
2024-02-08,MAYAPURI
2024-02-09,BURARI
2024-01-28,BURARI
2024-02-05,TIGRI
2024-02-09,KASHMERIGATE
2024-02-05,KASHMERIGATE
2024-02-02,KASHMERIGATE
2024-01-25,KASHMERIGATE
2024-01-24,MAHENDRAPARK
2024-01-19,KASHMERIGATE
2024-01-29,KASHMERIGATE
2024-02-04,MANGOLPURI
2024-01-10,ADARSHNAGAR
2024-02-09,GHAZIPUR
2024-02-10,SADARBAZAR
2024-02-10,KNKATJUMARG
2024-01-23,SARAIROHILLA
2024-02-11,CIVILLINES
2024-01-25,DELHICANTT
2024-01-20,AMANVIHAR
2024-02-12,SEELAMPUR
2024-01-18,KHYALA
2024-01-11,KHYALA
2024-01-31,NANDNAGRI
2024-01-01,KASHMERIGATE
2024-02-13,KOTWALI
2024-02-12,MANDIRMARG
2024-02-13,ANANDVIHARRLYSTN
2024-01-11,KASHMERIGATE
2024-01-13,KASHMERIGATE
2024-01-19,KASHMERIGATE
2024-01-21,KASHMERIGATE
2024-01-23,KASHMERIGATE
2024-01-24,KASHMERIGATE
2024-01-29,KASHMERIGATE
2024-01-19,KASHMERIGATE
2024-01-25,KASHMERIGATE
2024-02-01,KASHMERIGATE
2024-02-02,KASHMERIGATE
2024-02-05,KASHMERIGATE
2024-02-06,KASHMERIGATE
2024-02-09,KASHMERIGATE
2024-02-09,KAMLAMARKET
2024-02-04,ALIPUR
2024-02-13,JAMAMASJID
2023-11-30,SEELAMPUR
2024-02-13,ANANDVIHAR
2024-02-08,GTBENCLAVE
2024-02-13,KNKATJUMARG
2024-02-11,HAUZKHAS
2024-02-14,PAHARGANJ
2024-02-12,PASCHIMVIHAREAST
2024-02-13,JAITPUR
2024-02-14,PRASHANTVIHAR
2024-02-15,JAMAMASJID
2024-02-15,KAROLBAGH
2024-02-15,LAHORIGATE
2024-01-24,GOVINDPURI
2024-02-15,NANGLOI
2024-02-15,MOTINAGAR
2024-01-12,NEWUSMANPUR
2024-02-14,PASCHIMVIHARWEST
2024-02-16,CIVILLINES
2024-01-08,RAJOURIGARDEN
2024-02-15,SEEMAPURI
2024-02-12,SULTANPURI
2024-02-16,ANANDVIHARRLYSTN
2024-02-17,PREMNAGAR
2024-02-14,GTBENCLAVE
2024-01-14,GTBENCLAVE
2024-02-16,ANANDVIHAR
2024-02-16,BHALSWADIARY
2024-02-17,MUKHERJEENAGAR
2024-02-17,MUKHERJEENAGAR
2024-02-18,CIVILLINES
2024-02-18,IPESTATE
2024-02-18,VIJAYVIHAR
2024-02-18,KAMLAMARKET
2024-02-19,SULTANPURI
2024-02-18,ANANDPARBAT
2024-02-18,AMBEDKARNAGAR
2024-02-19,KOTWALI
2024-02-19,KALYANPURI
2024-02-19,PREMNAGAR
2024-02-06,MANDIRMARG
2024-02-17,JYOTINAGAR
2024-02-19,ADARSHNAGAR
2024-02-20,CIVILLINES
2024-02-07,KALYANPURI
2024-02-20,MUNDKA
2024-02-20,GHAZIPUR
2024-02-11,LAHORIGATE
2024-02-19,WAZIRABAD
2024-02-20,VASANTKUNJSOUTH
2024-02-20,PATPARGANJINDUSTRIALAREA
2023-09-02,LODICOLONY
2024-02-20,SHALIMARBAGH
2024-02-20,DABRI
2023-12-13,SAFDARJUNGENCLAVE
2024-02-21,KASHMERIGATE
2024-02-20,KASHMERIGATE
2024-02-17,KASHMERIGATE
2024-02-22,NEWASHOKNAGAR
2024-02-16,CIVILLINES
2024-02-16,CIVILLINES
2024-02-22,JAITPUR
2024-02-22,GTBENCLAVE
2024-02-21,PANDAVNAGAR
2024-02-20,KAMLAMARKET
2024-02-21,LAJPATNAGAR
2024-02-21,JAITPUR
2024-02-19,GOVINDPURI
2024-02-10,KASHMERIGATE
2024-02-19,NEWUSMANPUR
2024-02-24,TIMARPUR
2024-02-20,DELHICANTT
2024-02-18,NORTHROHINI
2024-01-31,NORTHROHINI
2024-02-25,ADARSHNAGAR
2024-02-25,SAFDARJUNGENCLAVE
2024-02-20,MADHUVIHAR
2024-02-24,KESHAVPURAM
2024-02-25,KOTWALI
2024-02-22,NANGLOI
2024-02-24,KOTWALI
2024-02-24,DABRI
2024-02-24,KOTWALI
2024-02-23,KOTWALI
2024-02-25,LAHORIGATE
2024-02-25,KAPASHERA
2024-02-26,CIVILLINES
2024-02-22,CIVILLINES
2024-02-24,MAHENDRAPARK
2024-02-11,DELHICANTT
2024-02-27,TIMARPUR
2024-02-27,GTBENCLAVE
2024-02-26,ANANDVIHARRLYSTN
2024-02-22,KASHMERIGATE
2024-02-25,KASHMERIGATE
2023-12-16,SAFDARJUNGENCLAVE
2024-02-21,SUBZIMANDI
2024-02-14,SUBZIMANDI
2024-02-25,BEGUMPUR
2024-02-26,KASHMERIGATE
2024-02-11,HAUZKHAS
2024-02-28,NARELA
2024-01-16,HARINAGAR
2024-02-25,BEGUMPUR
2023-12-29,HARINAGAR
2024-02-29,LAHORIGATE
2024-02-29,PUNJABIBAGH
2024-02-28,VASANTKUNJSOUTH
2024-02-27,IPESTATE
2024-02-28,ANANDVIHARRLYSTN
2024-02-27,PAHARGANJ
2024-06-18,RANHOLA
2024-01-09,SAFDARJUNGENCLAVE
2024-02-25,SAFDARJUNGENCLAVE
2024-01-09,SAFDARJUNGENCLAVE
2024-03-01,DELHICANTT
2024-02-11,LAHORIGATE
2024-02-25,BURARI
2024-02-25,BURARI
2024-03-01,PATPARGANJINDUSTRIALAREA
2024-02-29,MANGOLPURI
2024-03-01,TIMARPUR
2024-03-01,PATPARGANJINDUSTRIALAREA
2024-02-26,SUBHASHPLACE
2024-02-14,SUNLIGHTCOLONY
2024-01-31,PASCHIMVIHAREAST
2024-03-01,DARYAGANJ
2024-03-02,PUNJABIBAGH
2024-03-02,DARYAGANJ
2024-02-29,GTBENCLAVE
2024-03-01,CIVILLINES
2024-03-01,GHAZIPUR
2024-02-27,IPESTATE
2024-03-01,NARELAINDUSTRIALAREA
2024-03-01,VIVEKVIHAR
2024-02-29,BARAHINDURAO
2024-03-05,VASANTKUNJSOUTH
2024-03-05,RAJPARK
2024-03-01,JAMAMASJID
2024-03-04,MANDIRMARG
2024-02-17,PATPARGANJINDUSTRIALAREA
2024-03-04,ANANDVIHARRLYSTN
2024-03-05,ANANDVIHAR
2024-03-06,NABIKARIM
2024-03-06,ADARSHNAGAR
2024-03-05,KNKATJUMARG
2024-02-29,CIVILLINES
2024-03-05,KAROLBAGH
2024-03-04,ANANDVIHARRLYSTN
2024-03-06,SUBZIMANDI
2024-02-24,SWARUPNAGAR
2024-03-02,MAHENDRAPARK
2024-03-05,NABIKARIM
2024-03-07,DARYAGANJ
2024-03-07,SUNLIGHTCOLONY
2024-01-09,SAFDARJUNGENCLAVE
2024-01-27,VASANTKUNJSOUTH
2024-03-07,KAMLAMARKET
2024-03-08,IPESTATE
2024-03-08,NAJAFGARH
2024-03-02,BARAKHAMBAROAD
2024-03-03,KOTWALI
2024-03-06,ANANDVIHAR
2024-03-06,RANIBAGH
2024-03-09,SAMAIPURBADLI
2024-01-10,SADARBAZAR
2024-01-11,SADARBAZAR
2024-02-17,SADARBAZAR
2024-03-07,SEEMAPURI
2024-02-10,SADARBAZAR
2024-02-17,ADARSHNAGAR
2024-03-10,SHASTRIPARK
2024-03-07,SUNLIGHTCOLONY
2024-03-10,MADHUVIHAR
2024-03-10,VIKASPURI
2024-03-10,SHALIMARBAGH
2024-03-09,SAFDARJUNGENCLAVE
2024-03-07,SAFDARJUNGENCLAVE
2024-03-07,PAHARGANJ
2024-03-11,BARAHINDURAO
2024-03-11,KOTWALI
2024-03-11,MUNDKA
2024-03-11,SAMAIPURBADLI
2024-03-10,KAMLAMARKET
2024-02-08,MANGOLPURI
2024-03-11,KHYALA
2024-03-04,MOTINAGAR
2024-03-08,KAMLAMARKET
2024-03-12,ANANDVIHARRLYSTN
2024-03-13,SAFDARJUNGENCLAVE
2024-03-13,SARITAVIHAR
2024-03-12,SARITAVIHAR
2024-03-07,NANDNAGRI
2024-03-05,HAUZKHAS
2024-03-14,SADARBAZAR
2024-03-13,CIVILLINES
2024-01-05,JANAKPURI
2024-03-11,JANAKPURI
2024-03-11,JANAKPURI
2024-03-13,KAMLAMARKET
2024-03-08,BARAKHAMBAROAD
2024-03-14,NANGLOI
2024-03-04,PUNJABIBAGH
2024-03-15,TILAKNAGAR
2024-03-07,KASHMERIGATE
2024-03-03,KASHMERIGATE
2024-02-27,KASHMERIGATE
2024-03-14,MANDIRMARG
2024-02-13,KNKATJUMARG
2024-03-15,SADARBAZAR
2024-03-16,KNKATJUMARG
2024-03-02,GTBENCLAVE
2024-03-14,NEWUSMANPUR
2024-03-16,RAJOURIGARDEN
2024-03-16,MOHANGARDEN
2024-02-29,NIHALVIHAR
2024-03-16,GTBENCLAVE
2024-03-15,SHALIMARBAGH
2024-03-16,SARAIROHILLA
2024-02-17,SADARBAZAR
2024-03-16,TIMARPUR
2024-03-16,SUNLIGHTCOLONY
2024-03-16,SUBZIMANDI
2024-03-14,NEWUSMANPUR
2024-03-14,KOTWALI
2024-03-13,NEWUSMANPUR
2024-02-28,KOTWALI
2024-03-14,PATPARGANJINDUSTRIALAREA
2024-02-10,KASHMERIGATE
2024-02-17,KASHMERIGATE
2024-03-16,KNKATJUMARG
2024-03-15,SEEMAPURI
2024-03-17,TILAKMARG
2024-03-14,BHALSWADIARY
2024-03-15,PANDAVNAGAR
2024-03-17,SARITAVIHAR
2024-03-04,BHAJANPURA
2024-02-16,BHALSWADIARY
2024-03-13,CHANDNIMAHAL
2024-03-17,SHAHBADDIARY
2024-03-18,RKPURAM
2024-03-17,KHAJURIKHAS
2024-03-16,TIMARPUR
2024-03-17,BHALSWADIARY
2024-02-28,BURARI
2024-03-15,GTBENCLAVE
2024-03-19,KOTWALI
2024-03-17,GTBENCLAVE
2024-03-18,DARYAGANJ
2024-03-01,KASHMERIGATE
2024-03-14,SULTANPURI
2024-03-20,VASANTKUNJNORTH
2024-01-20,NAJAFGARH
2024-03-19,ANANDVIHARRLYSTN
2024-03-19,DARYAGANJ
2024-03-07,DARYAGANJ
2024-02-28,DELHICANTT
2024-02-23,TIMARPUR
2024-03-05,KNKATJUMARG
2024-03-20,SAFDARJUNGENCLAVE
2024-03-17,KALANDIKUNJ
2024-03-02,SUNLIGHTCOLONY
2024-03-19,KAMLAMARKET
2024-02-13,JAMAMASJID
2024-02-15,JAMAMASJID
2024-03-01,JAMAMASJID
2024-03-22,JAHANGIRPURI
2024-03-22,CIVILLINES
2024-03-23,SARITAVIHAR
2024-03-22,KASHMERIGATE
2024-03-19,ADARSHNAGAR
2024-03-22,GOVINDPURI
2024-03-11,SAFDARJUNGENCLAVE
2024-03-21,SAFDARJUNGENCLAVE
2024-03-17,SARITAVIHAR
2024-03-25,TILAKMARG
2024-03-21,ANANDVIHARRLYSTN
2024-03-24,BARAHINDURAO
2024-03-06,RANIBAGH
2024-03-19,NABIKARIM
2024-03-25,SONIAVIHAR
2024-03-22,PAHARGANJ
2024-03-24,KAMLAMARKET
2024-03-19,KAMLAMARKET
2024-03-21,KOTWALI
2024-03-25,AMARCOLONY
2024-02-27,KALYANPURI
2024-03-17,KASHMERIGATE
2024-03-26,JANAKPURI
2024-03-26,JANAKPURI
2024-03-25,SAMAIPURBADLI
2024-03-25,AMARCOLONY
2024-03-24,KASHMERIGATE
2024-03-27,KASHMERIGATE
2024-03-26,KALANDIKUNJ
2024-03-26,TIMARPUR
2024-03-19,ANANDVIHARRLYSTN
2024-03-07,FATEHPURBERI
2024-03-26,TIMARPUR
2024-03-19,KAMLAMARKET
2024-03-17,HARINAGAR
2024-03-27,BHALSWADIARY
2024-03-27,MUKHERJEENAGAR
2024-03-27,BHALSWADIARY
2024-03-28,IGIAIRPORT
2024-03-28,FARSHBAZAR
2024-03-28,PUNJABIBAGH
2024-03-29,NEBSARAI
2024-03-21,MUKHERJEENAGAR
2024-03-28,KASHMERIGATE
2024-03-24,MAURICENAGAR
2024-03-28,PANDAVNAGAR
2024-03-28,IGIAIRPORT
2024-03-25,LAHORIGATE
2024-03-14,MANDIRMARG
2024-03-29,MANGOLPURI
2024-03-30,KAMLAMARKET
2024-03-30,KAMLAMARKET
2024-03-23,KASHMERIGATE
2024-03-29,ALIPUR
2024-03-29,NORTHAVENUE
2024-03-30,HARINAGAR
2024-03-23,KAMLAMARKET
2024-03-25,KASHMERIGATE
2024-03-13,KAMLAMARKET
2024-03-29,HAUZKHAS
2024-03-29,KAMLAMARKET
2024-03-17,ANANDVIHAR
2024-03-23,DELHICANTT
2024-03-31,DBGROAD
2024-03-30,NANGLOI
2024-03-29,SHAHDARA
2024-03-20,DELHICANTT
2024-03-17,VIJAYVIHAR
2024-04-01,SARAIROHILLA
2024-04-01,JAMAMASJID
2024-03-31,JAHANGIRPURI
2024-04-01,NEWFRIENDSCOLONY
2024-03-30,SHASTRIPARK
2024-03-30,MAHENDRAPARK
2024-03-19,ADARSHNAGAR
2024-03-11,JANAKPURI
2024-04-02,KOTWALI
2024-03-24,PATELNAGAR
2024-04-01,JAMAMASJID
2024-03-28,PANDAVNAGAR
2024-03-31,GTBENCLAVE
2024-04-02,SADARBAZAR
2024-02-21,NARAINA
2024-04-01,ANANDVIHARRLYSTN
2024-02-21,SEEMAPURI
2024-03-27,SADARBAZAR
2024-04-03,INDERPURI
2024-04-05,MANDIRMARG
2024-04-05,WELCOME
2024-04-02,KALANDIKUNJ
2024-01-14,HARINAGAR
2023-12-22,SUNLIGHTCOLONY
2024-04-06,DABRI
2024-02-25,KAPASHERA
2024-04-04,JAFRABAD
2024-04-08,SAMAIPURBADLI
2024-03-02,SAFDARJUNGENCLAVE
2024-04-07,UTTAMNAGAR
2024-04-08,SEELAMPUR
2024-01-20,SAMAIPURBADLI
2024-04-07,LAHORIGATE
2024-04-08,SUBZIMANDI
2024-04-08,SHAHBADDIARY
2024-04-09,PATPARGANJINDUSTRIALAREA
2024-04-08,PATPARGANJINDUSTRIALAREA
2024-04-08,KASHMERIGATE
2024-04-02,KASHMERIGATE
2024-04-08,ANANDVIHARRLYSTN
2024-04-09,CIVILLINES
2024-03-20,VASANTKUNJNORTH
2024-04-07,JAHANGIRPURI
2024-04-02,NEWASHOKNAGAR
2024-04-08,NORTHAVENUE
2024-04-10,SARITAVIHAR
2024-04-07,KOTWALI
2024-04-09,MODELTOWN
2024-03-01,SAFDARJUNGENCLAVE
2024-02-15,LAHORIGATE
2024-04-07,LAHORIGATE
2024-04-11,LAXMINAGAR
2024-03-13,GTBENCLAVE
2024-04-10,MANDIRMARG
2024-04-11,MAYURVIHARPHI
2024-04-05,MAYURVIHARPHI
2024-04-09,MAIDANGARHI
2024-04-01,NIHALVIHAR
2024-04-11,SHAHBADDIARY
2024-04-10,LAHORIGATE
2024-03-21,MUKHERJEENAGAR
2024-04-04,ANANDVIHAR
2024-04-10,PULPRAHLADPUR
2024-04-12,SAMAIPURBADLI
2024-04-08,SAMAIPURBADLI
2024-04-12,SUBZIMANDI
2024-04-12,KOTWALI
2024-04-11,MANGOLPURI
2024-04-12,MANDIRMARG
2024-04-12,RKPURAM
2024-04-06,MANDIRMARG
2024-04-08,NEWUSMANPUR
2024-04-12,CIVILLINES
2024-04-12,SEELAMPUR
2024-04-12,KOTWALI
2024-03-17,VIJAYVIHAR
2024-03-13,NEWUSMANPUR
2024-03-14,NEWUSMANPUR
2024-04-13,PRASHANTVIHAR
2024-04-14,PREMNAGAR
2024-04-13,SEELAMPUR
2024-03-12,DARYAGANJ
2024-04-04,PUNJABIBAGH
2024-04-15,BUDHVIHAR
2024-03-30,DARYAGANJ
2024-04-08,SAMAIPURBADLI
2024-04-16,DEFENCECOLONY
2024-04-14,DEFENCECOLONY
2024-04-16,KALYANPURI
2024-04-16,SUNLIGHTCOLONY
2024-04-16,VASANTVIHAR
2024-04-16,LODICOLONY
2024-04-17,KESHAVPURAM
2024-04-14,GOVINDPURI
2024-04-14,PRASADNAGAR
2024-04-16,WELCOME
2024-04-17,TUGHLAKROAD
2024-04-09,GOVINDPURI
2024-04-17,BARAHINDURAO
2024-04-10,KAMLAMARKET
2024-04-16,KHYALA
2024-03-16,RKPURAM
2024-04-10,KAMLAMARKET
2024-03-30,SEEMAPURI
2024-04-01,SAFDARJUNGENCLAVE
2024-03-29,SAFDARJUNGENCLAVE
2024-04-15,SAFDARJUNGENCLAVE
2024-04-18,DARYAGANJ
2024-04-18,PATPARGANJINDUSTRIALAREA
2024-04-15,KAPASHERA
2024-03-11,ALIPUR
2024-04-17,ANANDVIHARRLYSTN
2024-02-28,SAFDARJUNGENCLAVE
2024-01-14,BEGUMPUR
2024-04-19,KESHAVPURAM
2024-04-19,KESHAVPURAM
2024-04-19,DARYAGANJ
2024-03-09,SAFDARJUNGENCLAVE
2024-04-18,BARAKHAMBAROAD
2024-02-29,CIVILLINES
2024-04-19,SUNLIGHTCOLONY
2024-04-19,PATPARGANJINDUSTRIALAREA
2024-04-19,PATPARGANJINDUSTRIALAREA
2024-04-18,CIVILLINES
2024-04-16,PREMNAGAR
2024-04-18,KASHMERIGATE
2024-04-18,VASANTKUNJSOUTH
2024-04-20,BINDAPUR
2024-04-20,CHANDNIMAHAL
2024-04-20,KALYANPURI
2024-04-19,KALYANPURI
2024-04-19,JAHANGIRPURI
2024-04-19,ANANDVIHARRLYSTN
2024-03-21,NEWUSMANPUR
2024-03-03,NABIKARIM
2024-01-16,NABIKARIM
2024-04-19,NANGLOI
2024-04-20,HARINAGAR
2024-04-14,ALIPUR
2024-04-14,ALIPUR
2024-03-13,CHANDNIMAHAL
2024-04-22,NAJAFGARH
2024-04-16,WELCOME
2024-04-22,KNKATJUMARG
2024-04-19,SUNLIGHTCOLONY
2024-04-12,SHALIMARBAGH
2024-04-20,ADARSHNAGAR
2024-03-12,BINDAPUR
2024-04-23,NANGLOI
2024-04-22,PAHARGANJ
2024-04-20,NANDNAGRI
2024-04-22,PRASADNAGAR
2024-04-17,DARYAGANJ
2024-04-22,NIHALVIHAR
2024-04-18,MANGOLPURI
2024-04-24,KALANDIKUNJ
2024-04-23,MANGOLPURI
2024-04-23,NARELAINDUSTRIALAREA
2024-04-24,SUBZIMANDI
2024-03-10,CIVILLINES
2024-04-17,MANGOLPURI
2024-04-22,KAMLAMARKET
2024-02-07,HARINAGAR
2024-04-25,LAHORIGATE
2024-04-16,MAHENDRAPARK
2024-03-04,JAHANGIRPURI
2024-03-04,JAHANGIRPURI
2024-04-24,LAHORIGATE
2024-04-22,NARELAINDUSTRIALAREA
2023-12-18,SARITAVIHAR
2024-04-25,KOTWALI
2024-04-17,DARYAGANJ
2024-04-22,NARELAINDUSTRIALAREA
2024-04-16,KHAJURIKHAS
2024-04-16,KHAJURIKHAS
2024-04-08,NEWUSMANPUR
2024-04-23,KHAJURIKHAS
2024-02-21,KHAJURIKHAS
2024-04-26,MEHRAULI
2024-04-24,MUKHERJEENAGAR
2024-04-26,SULTANPURI
2024-04-20,KESHAVPURAM
2024-04-24,DBGROAD
2024-04-26,GTBENCLAVE
2024-04-17,LODICOLONY
2024-04-16,BEGUMPUR
2024-04-19,DARYAGANJ
2024-04-24,KAMLAMARKET
2024-04-04,KAMLAMARKET
2024-04-04,KAMLAMARKET
2024-04-24,KOTWALI
2024-04-26,NEBSARAI
2024-02-25,SAFDARJUNGENCLAVE
2024-04-01,SAFDARJUNGENCLAVE
2024-04-27,KASHMERIGATE
2024-03-04,JAHANGIRPURI
2024-04-27,KOTWALI
2024-04-27,MANGOLPURI
2024-03-12,DEFENCECOLONY
2024-04-24,LAHORIGATE
2024-04-24,LAHORIGATE
2024-04-28,LAHORIGATE
2024-04-27,KALANDIKUNJ
2024-04-27,SUBHASHPLACE
2024-04-28,JAMAMASJID
2024-04-27,SADARBAZAR
2024-04-26,SULTANPURI
2024-04-27,KOTWALI
2024-04-29,SHAHBADDIARY
2024-04-27,SHAHBADDIARY
2024-04-28,MEHRAULI
2024-04-22,TILAKNAGAR
2024-04-28,LAHORIGATE
2024-04-29,KOTWALI
2024-04-29,KOTWALI
2024-04-29,JAHANGIRPURI
2024-04-27,SEELAMPUR
2024-04-27,IPESTATE
2024-03-31,DBGROAD
2024-01-30,DBGROAD
2024-04-30,KALYANPURI
2024-04-29,GTBENCLAVE
2024-04-30,TIMARPUR
2024-04-26,HAUZKHAS
2024-04-18,BARAKHAMBAROAD
2024-04-29,PAHARGANJ
2024-04-30,GTBENCLAVE
2024-04-30,MAHENDRAPARK
2024-04-28,JAMAMASJID
2024-04-22,SAMAIPURBADLI
2024-05-01,NEWUSMANPUR
2024-04-26,TILAKNAGAR
2024-05-01,AMANVIHAR
2024-04-20,CHANDNIMAHAL
2024-05-02,MAHENDRAPARK
2024-05-02,KOTWALI
2024-05-02,KALYANPURI
2024-03-26,RAJPARK
2024-05-02,KNKATJUMARG
2024-05-01,LAHORIGATE
2024-02-28,ANANDVIHARRLYSTN
2024-02-16,ANANDVIHARRLYSTN
2024-03-04,ANANDVIHARRLYSTN
2024-04-23,FARSHBAZAR
2024-05-02,KNKATJUMARG
2024-05-02,KASHMERIGATE
2024-05-03,BAWANA
2024-05-03,CHANDNIMAHAL
2024-04-29,MADHUVIHAR
2024-05-02,KASHMERIGATE
2024-04-26,ANANDVIHARRLYSTN
2024-04-19,ANANDVIHARRLYSTN
2024-04-18,ANANDVIHARRLYSTN
2024-05-03,BAWANA
2024-04-09,VASANTKUNJSOUTH
2024-05-04,JANAKPURI
2024-05-03,MANDIRMARG
2024-05-04,CIVILLINES
2024-04-30,SARAIROHILLA
2024-05-04,KOTWALI
2024-05-03,KOTWALI
2024-03-28,FARSHBAZAR
2024-02-26,ANANDVIHARRLYSTN
2024-05-05,PATELNAGAR
2024-05-05,KOTWALI
2024-05-05,MANDIRMARG
2024-05-04,WELCOME
2024-05-05,KOTWALI
2024-04-17,ANANDVIHARRLYSTN
2024-03-21,ANANDVIHARRLYSTN
2024-03-13,VASANTKUNJSOUTH
2024-05-06,AMANVIHAR
2024-05-05,KASHMERIGATE
2024-04-30,MANGOLPURI
2024-05-06,GHAZIPUR
2024-03-29,MADHUVIHAR
2024-05-03,CHANDNIMAHAL
2024-03-19,KAMLAMARKET
2024-05-06,MANDIRMARG
2024-05-05,GULABIBAGH
2024-05-04,KOTWALI
2024-05-07,NARELAINDUSTRIALAREA
2024-05-07,HARINAGAR
2024-05-06,INDERPURI
2024-03-17,SAFDARJUNGENCLAVE
2024-05-07,VIKASPURI
2024-05-06,MAHENDRAPARK
2024-05-08,UTTAMNAGAR
2024-04-24,KASHMERIGATE
2024-05-08,KOTWALI
2024-05-06,GTBENCLAVE
2024-05-07,DARYAGANJ
2024-04-29,KALYANPURI
2024-05-02,NARELA
2024-05-04,SAMAIPURBADLI
2024-05-09,CIVILLINES
2024-05-05,NABIKARIM
2024-05-09,ANANDPARBAT
2024-05-06,NABIKARIM
2024-05-06,NABIKARIM
2024-05-09,SULTANPURI
2023-03-21,OKHLAINDUSTRIALAREA
2024-05-09,PATPARGANJINDUSTRIALAREA
2024-05-09,CIVILLINES
2024-05-09,TIMARPUR
2024-05-06,MODELTOWN
2024-05-07,VIKASPURI
2024-05-09,TIMARPUR
2024-03-21,SAFDARJUNGENCLAVE
2024-05-11,AMANVIHAR
2024-05-11,LAHORIGATE
2024-05-10,KOTWALI
2024-05-08,RKPURAM
2024-05-11,AMANVIHAR
2024-05-09,KASHMERIGATE
2024-05-12,MAHENDRAPARK
2024-05-12,SAMAIPURBADLI
2024-04-22,KAMLAMARKET
2024-04-16,KHYALA
2024-05-13,RAJOURIGARDEN
2024-05-13,SUBHASHPLACE
2024-05-10,GHAZIPUR
2024-05-02,MAHENDRAPARK
2024-05-14,MAYAPURI
2024-05-14,BHAJANPURA
2024-05-14,NANGLOI
2024-05-05,SAFDARJUNGENCLAVE
2024-05-12,MANDIRMARG
2024-05-13,RAJOURIGARDEN
2024-04-20,NIHALVIHAR
2024-05-14,MAYAPURI
2024-05-05,NIHALVIHAR
2024-05-13,KAMLAMARKET
2024-05-04,ANANDVIHAR
2024-05-12,AMARCOLONY
2024-05-15,JAITPUR
2024-04-27,UTTAMNAGAR
2024-05-15,SADARBAZAR
2024-05-15,KOTWALI
2024-05-15,IPESTATE
2024-05-15,KALYANPURI
2024-05-07,KOTWALI
2024-05-12,AMARCOLONY
2024-04-03,BHALSWADIARY
2024-04-29,NEWUSMANPUR
2024-05-12,ANANDVIHARRLYSTN
2024-05-12,ANANDVIHARRLYSTN
2024-05-12,ANANDVIHARRLYSTN
2024-05-16,KNKATJUMARG
2024-05-08,KASHMERIGATE
2024-05-15,PULPRAHLADPUR
2024-05-13,KALKAJI
2024-05-15,KOTWALI
2024-05-15,BADARPUR
2024-05-16,DELHICANTT
2024-05-16,TILAKMARG
2024-05-17,KALKAJI
2024-05-17,NANDNAGRI
2024-05-10,NANDNAGRI
2024-05-17,LAHORIGATE
2024-05-17,PULPRAHLADPUR
2024-05-17,SOROJININAGAR
2024-05-16,ANANDVIHARRLYSTN
2024-05-16,GTBENCLAVE
2024-05-16,ASHOKVIHAR
2024-05-17,BARAHINDURAO
2024-05-18,AMARCOLONY
2024-05-18,MANGOLPURI
2024-05-17,BAWANA
2024-05-18,KNKATJUMARG
2024-05-06,GANDHINAGAR
2024-01-18,SARAIROHILLA
2024-02-11,SARAIROHILLA
2024-01-17,CIVILLINES
2024-01-20,CIVILLINES
2024-02-18,CIVILLINES
2024-03-06,CIVILLINES
2024-03-22,CIVILLINES
2024-03-08,CIVILLINES
2024-05-18,AMARCOLONY
2024-05-04,CIVILLINES
2024-05-09,CIVILLINES
2024-05-18,PANDAVNAGAR
2024-05-19,SADARBAZAR
2024-05-19,GOVINDPURI
2024-05-19,MANDIRMARG
2024-05-19,KOTWALI
2024-05-19,BARAKHAMBAROAD
2024-05-18,BARAKHAMBAROAD
2024-05-19,KALKAJI
2024-05-19,SUNLIGHTCOLONY
2024-05-17,ANANDVIHARRLYSTN
2024-05-12,ANANDVIHARRLYSTN
2024-05-17,KOTWALI
2024-05-17,KOTWALI
2024-05-19,CHANDNIMAHAL
2024-05-20,PAHARGANJ
2024-05-19,SUBZIMANDI
2024-05-12,SUBZIMANDI
2024-05-18,VASANTKUNJSOUTH
2024-05-20,JAHANGIRPURI
2024-05-20,NARELAINDUSTRIALAREA
2024-05-18,HAUZKHAS
2024-05-20,GOVINDPURI
2024-05-19,TIMARPUR
2024-05-20,DWARKASOUTH
2024-05-17,BAWANA
2024-05-19,TIMARPUR
2024-05-19,KOTWALI
2024-05-20,JAFFARPURKALAN
2024-05-21,CONNAUGHTPLACE
2024-05-21,PALAMVILLAGE
2024-05-21,PALAMVILLAGE
2024-05-19,OKHLAINDUSTRIALAREA
2024-05-21,PATPARGANJINDUSTRIALAREA
2024-05-21,NORTHROHINI
2024-05-21,NANGLOI
2024-05-16,IPESTATE
2024-05-21,BARAHINDURAO
2024-05-18,KASHMERIGATE
2024-05-19,KASHMERIGATE
2024-05-19,KASHMERIGATE
2024-05-21,KOTWALI
2024-05-22,PATPARGANJINDUSTRIALAREA
2024-05-16,WAZIRABAD
2024-05-21,HAUZKHAS
2024-05-11,DELHICANTT
2024-05-21,CHANDNIMAHAL
2024-05-21,PAHARGANJ
2024-05-13,KHYALA
2024-05-21,KOTWALI
2024-05-21,BARAHINDURAO
2024-05-21,KOTWALI
2024-05-22,KOTWALI
2024-05-08,BAWANA
2024-05-23,BAWANA
2024-05-23,PATELNAGAR
2024-05-20,VIJAYVIHAR
2024-05-23,LAHORIGATE
2024-05-23,AMANVIHAR
2024-05-22,VIVEKVIHAR
2024-05-21,CONNAUGHTPLACE
2024-05-20,PATPARGANJINDUSTRIALAREA
2024-05-12,MANGOLPURI
2024-05-24,MADHUVIHAR
2024-05-24,KOTWALI
2024-05-24,SHAHBADDIARY
2024-05-24,MANDIRMARG
2024-05-18,RAJOURIGARDEN
2024-05-24,RAJOURIGARDEN
2024-05-24,LAHORIGATE
2024-05-25,PAHARGANJ
2024-05-24,KASHMERIGATE
2024-05-20,KASHMERIGATE
2024-05-24,HARINAGAR
2024-05-25,IPESTATE
2024-05-24,RAJOURIGARDEN
2024-05-25,IPESTATE
2024-05-24,HARINAGAR
2024-05-26,KAROLBAGH
2024-05-24,AMARCOLONY
2024-05-25,MAHENDRAPARK
2024-05-26,SHAHEENBAGH
2024-05-25,VASANTVIHAR
2024-05-26,TIMARPUR
2024-05-26,BARAHINDURAO
2024-05-24,AMARCOLONY
2024-05-27,JAHANGIRPURI
2024-05-27,TUGHLAKROAD
2024-05-26,PALAMVILLAGE
2024-05-27,NEWFRIENDSCOLONY
2024-05-23,MUKHERJEENAGAR
2024-05-27,WELCOME
2024-05-27,KALYANPURI
2024-05-27,SHALIMARBAGH
2024-05-27,ANANDVIHARRLYSTN
2024-05-27,TILAKMARG
2024-05-27,KOTWALI
2024-05-25,SUBZIMANDI
2024-05-26,DABRI
2024-05-26,TIMARPUR
2024-05-03,KHAJURIKHAS
2024-05-21,CHANDNIMAHAL
2024-05-03,KHAJURIKHAS
2024-05-20,PAHARGANJ
2024-05-27,CHANKYAPURI
2024-05-27,PAHARGANJ
2024-05-18,GANDHINAGAR
2024-05-27,VASANTKUNJSOUTH
2024-05-27,GTBENCLAVE
2024-05-27,PAHARGANJ
2024-05-26,KASHMERIGATE
2024-05-28,SUBZIMANDI
2024-05-28,PATPARGANJINDUSTRIALAREA
2024-05-26,PRASADNAGAR
2024-05-12,MAYURVIHARPHI
2024-05-27,JAMAMASJID
2024-05-23,BURARI
2024-05-27,IGIAIRPORTMETRO
2024-05-28,BHARATNAGAR
2024-05-26,KASHMERIGATE
2024-05-26,KASHMERIGATE
2024-05-06,GHAZIPUR
2024-05-28,VASANTKUNJSOUTH
2024-05-28,MOTINAGAR
2024-05-26,HARINAGAR
2024-05-28,MOTINAGAR
2024-05-15,SADARBAZAR
2024-05-27,TUGHLAKROAD
2024-05-28,SUBZIMANDI
2024-05-25,SARAIROHILLA
2024-05-28,SUBZIMANDI
2024-05-29,KASHMERIGATE
2024-05-29,PATELNAGAR
2024-05-29,PATPARGANJINDUSTRIALAREA
2024-05-27,OKHLAINDUSTRIALAREA
2024-05-24,IPESTATE
2024-05-29,LAHORIGATE
2024-05-29,LAHORIGATE
2024-05-29,GTBENCLAVE
2024-05-28,SEELAMPUR
2024-05-29,KALKAJI
2024-05-15,MAHENDRAPARK
2024-05-15,MAHENDRAPARK
2024-05-28,DEFENCECOLONY
2024-05-23,GANDHINAGAR
2024-05-27,JAMAMASJID
2024-05-28,KOTWALI
2024-05-27,KOTWALI
2024-05-27,KOTWALI
2024-03-07,SUNLIGHTCOLONY
2024-05-28,TILAKNAGAR
2024-05-29,SUBZIMANDI
2024-04-16,TILAKNAGAR
2024-03-23,TILAKNAGAR
2024-05-29,KRISHNANAGAR
2024-05-26,SULTANPURI
2024-05-30,HARINAGAR
2024-05-30,NAJAFGARH
2024-05-27,LAJPATNAGAR
2024-05-30,JAMAMASJID
2024-05-27,SUNLIGHTCOLONY
2024-05-29,KRISHNANAGAR
2024-05-30,KNKATJUMARG
2024-05-30,NIHALVIHAR
2024-05-28,BADARPUR
2024-05-30,DEFENCECOLONY
2024-05-30,DEFENCECOLONY
2024-05-29,NEWASHOKNAGAR
2024-05-27,RAJINDERNAGAR
2024-05-30,KOTWALI
2024-05-20,KOTWALI
2024-05-28,PAHARGANJ
2024-05-26,KAMLAMARKET
2024-05-29,SEEMAPURI
2024-05-28,TILAKNAGAR
2024-05-28,KASHMERIGATE
2024-05-29,PAHARGANJ
2024-05-30,MODELTOWN
2024-05-29,KOTWALI
2024-05-31,KOTWALI
2024-05-30,KOTWALI
2024-05-31,GTBENCLAVE
2024-05-31,CIVILLINES
2024-05-21,VASANTKUNJSOUTH
2024-05-31,LAHORIGATE
2024-05-28,KASHMERIGATE
2024-05-30,JAMAMASJID
2024-05-29,PAHARGANJ
2024-05-30,SEEMAPURI
2024-05-31,MAYAPURI
2024-06-01,CONNAUGHTPLACE
2024-06-01,SHAHDARA
2024-05-30,MANSAROVARPARK
2024-05-31,MAYAPURI
2024-05-25,RAJOURIGARDEN
2024-06-01,DWARKASOUTH
2024-06-01,KALYANPURI
2024-05-30,NEBSARAI
2024-06-02,PARLIAMENTSTREET
2024-05-25,RAJOURIGARDEN
2024-05-11,BEGUMPUR
2024-06-01,DARYAGANJ
2024-06-02,KASHMERIGATE
2024-06-03,TILAKMARG
2024-06-03,MUKHERJEENAGAR
2024-05-29,MANDIRMARG
2024-05-29,MUKHERJEENAGAR
2024-05-29,SAFDARJUNGENCLAVE
2024-06-02,PATPARGANJINDUSTRIALAREA
2024-06-01,VASANTKUNJNORTH
2024-06-03,PATPARGANJINDUSTRIALAREA
2024-06-03,RAJOURIGARDEN
2024-06-03,KESHAVPURAM
2024-06-02,SUBHASHPLACE
2024-06-01,SUBHASHPLACE
2024-05-27,TILAKNAGAR
2024-05-28,BARAKHAMBAROAD
2024-06-01,KOTWALI
2024-05-28,KASHMERIGATE
2024-06-02,LAXMINAGAR
2024-05-29,SUNLIGHTCOLONY
2024-06-02,CIVILLINES
2024-06-03,CIVILLINES
2024-06-03,NARAINA
2024-06-02,BADARPUR
2024-06-04,MADHUVIHAR
2024-06-01,KASHMERIGATE
2024-06-01,KASHMERIGATE
2024-05-31,KASHMERIGATE
2024-06-02,KASHMERIGATE
2024-06-03,SARAIROHILLA
2024-06-01,SEELAMPUR
2024-06-04,MANSAROVARPARK
2024-06-03,JAITPUR
2024-06-04,KOTWALI
2024-06-03,ANANDVIHAR
2024-05-27,MEHRAULI
2024-05-30,MAHENDRAPARK
2024-06-01,CONNAUGHTPLACE
2024-05-27,LAJPATNAGAR
2024-05-22,MANGOLPURI
2024-06-05,BURARI
2024-06-05,SHAHEENBAGH
2024-06-01,AMARCOLONY
2024-06-05,NORTHAVENUE
2024-06-04,NEWASHOKNAGAR
2024-06-01,AMARCOLONY
2024-05-30,SAFDARJUNGENCLAVE
2024-06-06,GTBENCLAVE
2024-06-05,BABAHARIDASNAGAR
2024-05-25,MAYURVIHARPHI
2024-06-06,NEWFRIENDSCOLONY
2024-06-04,VASANTKUNJNORTH
2024-06-06,SARITAVIHAR
2024-06-05,SUBHASHPLACE
2024-06-05,KAROLBAGH
2024-05-20,VIJAYVIHAR
2024-06-06,SARAIROHILLA
2024-02-18,RAJPARK
2024-03-09,RAJPARK
2024-03-09,RAJPARK
2024-05-30,KASHMERIGATE
2024-05-28,KASHMERIGATE
2024-06-06,DBGROAD
2024-05-23,HAUZKHAS
2024-06-06,GTBENCLAVE
2024-05-28,BARAKHAMBAROAD
2024-06-02,ANANDVIHARRLYSTN
2024-06-04,GEETACOLONY
2024-06-03,PAHARGANJ
2024-06-06,SEEMAPURI
2024-06-02,ANANDVIHARRLYSTN
2024-05-31,ANANDVIHARRLYSTN
2024-06-02,NEWUSMANPUR
2024-06-07,SUBHASHPLACE
2024-06-04,GOVINDPURI
2024-06-07,DBGROAD
2024-06-01,SHAHBADDIARY
2024-05-21,JAGATPURI
2024-06-05,MANDIRMARG
2024-06-08,KOTWALI
2024-06-08,TILAKMARG
2024-06-03,GOVINDPURI
2024-06-08,TILAKMARG
2024-06-03,JAHANGIRPURI
2024-06-07,GTBENCLAVE
2024-06-08,RAJPARK
2024-06-08,TILAKNAGAR
2024-06-09,KALANDIKUNJ
2024-06-09,SAMAIPURBADLI
2024-05-29,MODELTOWN
2024-06-08,DARYAGANJ
2024-05-15,PASCHIMVIHARWEST
2024-06-08,NORTHROHINI
2024-05-15,SADARBAZAR
2024-03-15,SADARBAZAR
2024-06-10,SHAHDARA
2024-06-10,CIVILLINES
2024-06-10,KASHMERIGATE
2024-06-07,ANANDVIHAR
2024-05-27,OKHLAINDUSTRIALAREA
2024-06-11,ANANDVIHARRLYSTN
2024-06-11,ANANDVIHARRLYSTN
2024-06-10,ANANDVIHARRLYSTN
2024-06-11,CIVILLINES
2024-05-28,PALAMVILLAGE
2024-05-21,PALAMVILLAGE
2024-04-02,SADARBAZAR
2024-05-19,SADARBAZAR
2024-06-02,VIKASPURI
2024-05-31,BINDAPUR
2024-06-12,NEWASHOKNAGAR
2024-06-11,BURARI
2024-06-12,SUBZIMANDI
2024-06-12,SUBZIMANDI
2024-06-12,NORTHAVENUE
2024-06-12,KASHMERIGATE
2024-06-12,JANAKPURI
2024-06-12,TIGRI
2024-06-09,TIGRI
2024-06-11,SADARBAZAR
2024-06-12,PASCHIMVIHARWEST
2024-06-11,PALAMVILLAGE
2024-06-10,KAMLAMARKET
2024-06-11,PAHARGANJ
2024-06-10,SHAKARPUR
2024-03-05,SAFDARJUNGENCLAVE
2024-06-03,AMARCOLONY
2024-06-12,PATPARGANJINDUSTRIALAREA
2024-05-27,NANGLOI
2024-06-03,ANANDPARBAT
2024-06-13,SADARBAZAR
2024-06-13,LODICOLONY
2024-06-13,BARAKHAMBAROAD
2024-06-13,KESHAVPURAM
2024-06-02,KASHMERIGATE
2024-05-25,KASHMERIGATE
2024-06-12,VASANTKUNJSOUTH
2024-06-01,KASHMERIGATE
2024-06-13,LAHORIGATE
2024-06-12,CHANDNIMAHAL
2024-06-13,LAHORIGATE
2024-06-02,AMARCOLONY
2024-06-03,AMARCOLONY
2024-06-14,PARLIAMENTSTREET
2024-06-11,MAHENDRAPARK
2024-06-14,CIVILLINES
2024-06-14,KASHMERIGATE
2024-06-14,KASHMERIGATE
2024-06-13,LAHORIGATE
2024-05-30,KNKATJUMARG
2024-05-20,VIJAYVIHAR
2024-05-26,BARAHINDURAO
2024-05-21,BARAHINDURAO
2024-06-11,IPESTATE
2024-06-13,DELHICANTT
2024-06-15,JAMAMASJID
2024-06-14,CONNAUGHTPLACE
2024-06-13,JAMAMASJID
2024-06-15,MAYURVIHARPHI
2024-06-15,SHALIMARBAGH
2024-06-15,HARINAGAR
2024-06-14,IPESTATE
2024-06-14,MOTINAGAR
2024-06-15,KASHMERIGATE
2024-05-26,GOVINDPURI
2024-06-14,NEWUSMANPUR
2024-06-13,SAFDARJUNGENCLAVE
2024-06-15,CONNAUGHTPLACE
2024-06-04,MADHUVIHAR
2024-06-16,SUBZIMANDI
2024-06-16,TILAKMARG
2024-06-15,NARAINA
2024-06-15,SUBZIMANDI
2024-06-11,KASHMERIGATE
2024-06-16,KASHMERIGATE
2024-06-16,KASHMERIGATE
2024-06-15,PATELNAGAR
2024-06-15,KASHMIRIGATEMETRO
2024-06-16,NANDNAGRI
2024-05-06,NANGLOI
2024-06-17,UTTAMNAGAR
2024-06-17,JAMAMASJID
2024-06-17,JAFFARPURKALAN
2024-06-17,KOTWALI
2024-06-17,KOTWALI
2024-06-17,KESHAVPURAM
2024-06-14,MANDIRMARG
2024-06-17,KESHAVPURAM
2024-06-16,SEELAMPUR
2024-06-17,KESHAVPURAM
2024-06-17,PATPARGANJINDUSTRIALAREA
2024-06-16,KNKATJUMARG
2024-06-17,KNKATJUMARG
2024-06-16,KALYANPURI
2024-06-13,KNKATJUMARG
2024-06-16,SARAIROHILLA
2024-06-17,JAMAMASJID
2024-06-17,ROOPNAGAR
2024-06-16,NARAINA
2024-06-16,KOTWALI
2024-06-17,WAZIRABAD
2024-06-16,KOTWALI
2024-06-16,KOTWALI
2024-06-16,TIMARPUR
2024-06-16,PATPARGANJINDUSTRIALAREA
2024-06-16,KASHMIRIGATEMETRO
2024-05-28,ADARSHNAGAR
2024-06-16,JAMAMASJID
2024-06-13,JAMAMASJID
2024-06-13,NEWUSMANPUR
2024-06-06,SEELAMPUR
2024-06-17,TIMARPUR
2024-06-18,KASHMERIGATE
2024-06-15,KAPASHERA
2024-06-17,ASHOKVIHAR
2024-06-12,KAPASHERA
2024-06-17,BADARPUR
2024-06-18,KALKAJI
2024-06-18,KOTWALI
2024-06-17,BADARPUR
2024-06-17,KAPASHERA
2024-06-17,SARAIROHILLA
2024-06-17,LAHORIGATE
2024-06-18,KOTWALI
2024-06-18,HARINAGAR
2024-06-18,KASHMERIGATE
2024-06-17,PASCHIMVIHARWEST
2024-06-18,KESHAVPURAM
2024-06-18,BHALSWADIARY
2024-06-18,PATPARGANJINDUSTRIALAREA
2024-06-16,DARYAGANJ
2024-06-18,BHALSWADIARY
2024-06-18,DELHICANTT
2024-06-18,PATPARGANJINDUSTRIALAREA
2024-06-18,HARINAGAR
2024-06-17,BURARI
2024-06-18,SAFDARJUNGENCLAVE
2024-06-17,SUBHASHPLACE
2024-06-17,SUBHASHPLACE
2024-06-18,SUBZIMANDI
2024-05-29,PASCHIMVIHARWEST
2024-06-18,JAMAMASJID
2024-06-17,SUBZIMANDI
2024-06-18,KASHMERIGATE
2024-06-18,PUNJABIBAGH
2024-06-17,PUNJABIBAGH
2024-06-14,MOTINAGAR
2024-06-18,MOHANGARDEN
2024-06-17,IPESTATE
2024-06-17,JAMAMASJID
2024-06-18,KAMLAMARKET
2024-06-13,LODICOLONY
2024-06-15,JAMAMASJID
2024-06-16,TILAKNAGAR
2024-06-18,VIVEKVIHAR
2024-06-18,VIVEKVIHAR
2024-06-17,KIRTINAGAR
2024-05-28,MANGOLPURI
2024-06-01,ALIPUR
2024-06-17,KISHANGARH
2024-06-18,KASHMIRIGATEMETRO
2024-06-18,KASHMERIGATE
2024-06-18,VIJAYVIHAR
2024-06-17,PAHARGANJ
2024-06-19,CONNAUGHTPLACE
2024-06-19,BHAJANPURA
2024-06-19,PAHARGANJ
2024-06-19,KAPASHERA
2024-06-19,AMBEDKARNAGAR
2024-06-18,RANHOLA
2024-06-12,MAYURVIHARPHI
2024-06-18,RKPURAM
2024-06-19,NANGLOI
2024-06-13,MAYURVIHARPHI
2024-06-19,CIVILLINES
2024-06-19,TILAKMARG
2024-06-19,CIVILLINES
2024-06-19,SHALIMARBAGH
2024-06-19,KALKAJI
2024-06-18,MANDIRMARG
2024-06-19,LAHORIGATE
2024-06-19,LAHORIGATE
2024-06-19,KALYANPURI
2024-06-19,SOUTHROHINI
2024-06-19,DWARKASOUTH
2024-06-17,SUBZIMANDI
2024-06-19,SADARBAZAR
2024-06-19,SADARBAZAR
2024-06-19,SUBZIMANDI
2024-06-19,JAMAMASJID
2024-06-19,CONNAUGHTPLACE
2024-06-19,JAMAMASJID
2024-06-19,KOTWALI
2024-06-19,ANANDVIHARRLYSTN
2024-06-19,ANANDVIHARRLYSTN
2024-06-18,ANANDVIHARRLYSTN
2024-06-19,GTBENCLAVE
2024-06-17,ANANDVIHARRLYSTN
2024-06-16,RAJOURIGARDEN
2024-06-19,KOTWALI
2024-06-19,KOTWALI
2024-06-19,FATEHPURBERI
2024-06-19,VASANTKUNJNORTH
2024-06-18,SUBZIMANDI
2024-06-19,KOTWALI
2024-06-19,KIRTINAGAR
2024-06-18,KOTWALI
2024-06-18,AMARCOLONY
2024-06-18,KOTWALI
2024-06-18,JAFFARPURKALAN
2024-06-17,BARAHINDURAO
2024-06-18,IPESTATE
2024-06-18,AMANVIHAR
2024-06-18,AMARCOLONY
2024-06-16,DARYAGANJ
2024-06-17,PAHARGANJ
2024-06-18,PAHARGANJ
2024-06-19,PAHARGANJ
2024-06-19,CONNAUGHTPLACE
2024-06-19,VIVEKVIHAR
2024-06-19,AMARCOLONY
2024-06-20,NEWASHOKNAGAR
2024-06-20,NARAINA
2024-06-19,ANANDPARBAT
2024-06-20,LAJPATNAGAR
2024-06-20,SHALIMARBAGH
2024-06-19,DARYAGANJ
2024-06-18,MADHUVIHAR
2024-06-19,JANAKPURI
2024-06-20,TILAKNAGAR
2024-06-18,TILAKNAGAR
2024-06-18,LAJPATNAGAR
2024-06-18,LAJPATNAGAR
2024-06-18,LAJPATNAGAR
2024-06-18,MANDIRMARG
2024-06-18,IPESTATE
2024-06-20,GTBENCLAVE
2024-06-19,KOTWALI
2024-06-19,BARAHINDURAO
2024-06-05,IPESTATE
2024-06-19,KOTWALI
2024-06-18,KOTWALI
2024-06-18,AMBEDKARNAGAR
2024-06-19,BADARPUR
2024-06-20,OKHLAINDUSTRIALAREA
2024-06-20,OKHLAINDUSTRIALAREA
2024-06-17,OKHLAINDUSTRIALAREA
2024-06-18,KAPASHERA
2024-06-19,MAYAPURI
2024-06-20,SOUTHCAMPUS
2024-06-20,SEELAMPUR
2024-06-13,SUBZIMANDI
2024-06-19,DARYAGANJ
2024-06-20,SEELAMPUR
2024-06-20,PREMNAGAR
2024-06-19,KIRTINAGAR
2024-06-20,ANANDVIHARRLYSTN
2024-06-14,SUNLIGHTCOLONY
2024-06-19,SARAIROHILLA
2024-06-19,IPESTATE
2024-06-18,IPESTATE
2024-06-18,MANSAROVARPARK
2024-06-20,KOTWALI
2024-06-19,BHARATNAGAR
2024-06-19,SUBZIMANDI
2024-06-19,BHAJANPURA
2024-06-19,AMARCOLONY
2024-06-19,ANANDVIHARRLYSTN
2024-06-10,ANANDVIHARRLYSTN
2024-06-19,FARSHBAZAR
2024-06-19,NABIKARIM
2024-06-18,MANSAROVARPARK
2024-06-19,MAYAPURI
2024-06-18,KAMLAMARKET
2024-06-14,NORTHROHINI
2024-06-18,KAMLAMARKET
2024-06-18,IPESTATE
2024-06-19,IPESTATE
2024-06-18,GTBENCLAVE
2024-05-28,BADARPUR
2024-06-18,MANDIRMARG
2024-06-21,MAHENDRAPARK
2024-06-21,PAHARGANJ
2024-06-20,KASHMERIGATE
2024-06-19,KASHMERIGATE
2024-06-21,SUBZIMANDI
2024-06-19,KOTWALI
2024-06-21,JAHANGIRPURI
2024-06-18,NANGLOI
2024-06-19,HARINAGAR
2024-06-19,HARINAGAR
2024-06-21,WELCOME
2024-06-18,LAHORIGATE
2024-06-21,KALYANPURI
2024-06-20,DAYALPUR
2024-06-20,DAYALPUR
2024-06-20,DAYALPUR
2024-06-20,DAYALPUR
2024-06-21,DAYALPUR
2024-06-18,KIRTINAGAR
2024-06-19,MAYURVIHARPHI
2024-06-20,MAYURVIHARPHI
2024-06-19,SHASTRIPARK
2024-06-20,KISHANGARH
2024-06-19,KASHMERIGATE
2024-06-19,KASHMERIGATE
2024-06-20,PAHARGANJ
2024-06-21,KALYANPURI
2024-06-21,MAYAPURI
2024-06-19,SAMAIPURBADLI
2024-06-20,KAROLBAGH
2024-06-19,KASHMERIGATE
2024-06-21,ROOPNAGAR
2024-06-19,JAMAMASJID
2024-06-05,IPESTATE
2024-06-18,IPESTATE
2024-06-19,DARYAGANJ
2024-06-19,DARYAGANJ
2024-06-18,GEETACOLONY
2024-06-17,KAMLAMARKET
2024-06-19,MAYAPURI
2024-06-18,KASHMERIGATE
2024-06-16,KASHMERIGATE
2024-06-22,PASCHIMVIHAREAST
2024-06-18,PARLIAMENTSTREET
2024-06-18,PARLIAMENTSTREET
2024-06-21,SAFDARJUNGENCLAVE
2024-06-22,KASHMERIGATE
2024-06-22,CIVILLINES
2024-06-22,NEWUSMANPUR
2024-06-21,JAMAMASJID
2024-06-19,HARINAGAR
2024-06-19,KALYANPURI
2024-06-22,KOTWALI
2024-06-18,KASHMERIGATE
2024-06-18,KASHMERIGATE
2024-06-18,KASHMERIGATE
2024-06-18,KASHMERIGATE
2024-06-20,KASHMERIGATE
2024-06-22,KASHMERIGATE
2024-06-21,SAMAIPURBADLI
2024-06-19,KALYANPURI
2024-06-19,KALYANPURI
2024-06-19,FARSHBAZAR
2024-06-19,SUBZIMANDI
2024-06-18,KASHMERIGATE
2024-06-20,KAMLAMARKET
2024-06-19,BEGUMPUR
2024-06-19,ANANDVIHARRLYSTN
2024-06-19,ANANDVIHARRLYSTN
2024-06-20,ANANDVIHARRLYSTN
2024-06-17,ANANDVIHARRLYSTN
2024-06-18,ANANDVIHARRLYSTN
2024-06-24,SARITAVIHAR
2024-06-23,JAMAMASJID
2024-06-19,KRISHNANAGAR
2024-06-21,SAFDARJUNGENCLAVE
2024-06-24,SAMAIPURBADLI
2024-06-18,TIGRI
2024-06-24,MANDIRMARG
2024-06-24,DARYAGANJ
2024-06-24,IPESTATE
2024-06-23,SUBZIMANDI
2024-06-24,CHANDNIMAHAL
2024-06-23,KOTWALI
2024-06-23,SAMAIPURBADLI
2024-06-21,SARAIROHILLA
2024-06-18,NORTHROHINI
2024-06-23,KAMLAMARKET
2024-06-08,TILAKMARG
2024-05-16,KALKAJI
2024-05-17,KALKAJI
2024-05-27,NEWFRIENDSCOLONY
2024-06-18,LAXMINAGAR
2024-06-14,BHAJANPURA
2024-06-20,DWARKANORTH
2024-06-21,DEFENCECOLONY
2024-05-29,MANGOLPURI
2024-06-18,MANGOLPURI
2024-06-25,KOTWALI
2024-06-25,SUBZIMANDI
2024-06-25,MEHRAULI
2024-06-23,JAMAMASJID
2024-06-23,JAMAMASJID
2024-05-27,JAMIANAGAR
2024-05-27,JAMIANAGAR
2024-06-22,SAMAIPURBADLI
2024-06-22,SAMAIPURBADLI
2024-06-20,SAMAIPURBADLI
2024-06-20,SAMAIPURBADLI
2024-03-11,SAMAIPURBADLI
2024-03-11,SAMAIPURBADLI
2024-03-06,SAMAIPURBADLI
2024-03-06,SAMAIPURBADLI
2024-03-17,SAMAIPURBADLI
2024-03-17,SAMAIPURBADLI
2024-06-16,TILAKMARG
2024-06-16,TILAKMARG
2024-06-23,MANDIRMARG
2024-06-19,SARAIROHILLA
2024-06-18,LAHORIGATE
2024-06-25,KASHMERIGATE
2024-06-11,KASHMERIGATE
2024-06-19,SARAIROHILLA
2024-06-26,MUKHERJEENAGAR
2024-06-26,DARYAGANJ
2024-06-15,GTBENCLAVE
2024-06-25,KASHMERIGATE
2024-06-25,KHAJURIKHAS
2024-06-18,NEWUSMANPUR
2024-06-24,DARYAGANJ
2024-06-27,SUBZIMANDI
2024-06-17,LAHORIGATE
2024-06-27,HARINAGAR
2024-06-26,FATEHPURBERI
2024-06-24,LAHORIGATE
2024-06-18,BINDAPUR
2024-06-19,BURARI
2024-06-27,FATEHPURBERI
2024-06-26,MUKHERJEENAGAR
2024-06-27,KASHMERIGATE
2024-06-14,NEWUSMANPUR
2024-06-17,VIJAYVIHAR
2024-06-15,CONNAUGHTPLACE
2024-06-18,KASHMERIGATE
2024-06-28,MAHENDRAPARK
2024-06-28,KASHMERIGATE
2024-06-27,JYOTINAGAR
2024-06-26,SULTANPURI
2024-06-24,MANDIRMARG
2024-06-28,VIJAYVIHAR
2024-06-27,ANANDVIHARRLYSTN
2024-06-22,HARINAGAR
2024-06-10,ANANDVIHARRLYSTN
2024-05-26,ANANDVIHARRLYSTN
2024-06-02,ANANDVIHARRLYSTN
2024-06-19,PAHARGANJ
2024-06-19,CONNAUGHTPLACE
2024-05-27,JAMIANAGAR
2024-06-29,KASHMERIGATE
2024-06-26,KASHMERIGATE
2024-06-28,CIVILLINES
2024-06-29,KALKAJI
2024-06-19,MAHENDRAPARK
2024-05-26,SHAHBADDIARY
2024-06-21,HARINAGAR
2024-06-29,WAZIRABAD
2024-06-28,HARINAGAR
2024-06-18,GANDHINAGAR
2024-04-25,GOVINDPURI
2024-05-20,GOVINDPURI
2024-06-03,GOVINDPURI
2024-05-26,GOVINDPURI
2024-03-23,GOVINDPURI
2023-11-22,GOVINDPURI
2024-06-27,RAJOURIGARDEN
2024-06-27,RKPURAM
2024-05-31,SHAHBADDIARY
2024-06-30,KOTWALI
2024-06-30,KAPASHERA
2024-06-27,KNKATJUMARG
2024-06-27,ANANDVIHARRLYSTN
2024-05-31,ANANDVIHARRLYSTN
2024-03-12,ANANDVIHARRLYSTN
2024-05-31,ANANDVIHARRLYSTN
2024-04-16,TUGHLAKROAD
2024-07-05,NIHALVIHAR
2024-05-19,CHANDNIMAHAL
2024-06-30,SAMAIPURBADLI
2024-06-14,NORTHROHINI
2024-07-01,MANGOLPURI
2024-06-30,PATPARGANJINDUSTRIALAREA
2024-06-30,MANSAROVARPARK
2024-07-02,HARINAGAR
2024-07-01,KOTWALI
2024-06-28,BABAHARIDASNAGAR
2024-07-01,GOVINDPURI
2024-06-24,IPESTATE
2024-07-01,SOUTHCAMPUS
2024-05-19,GOVINDPURI
2024-01-22,LAJPATNAGAR
2024-01-27,LAJPATNAGAR
2024-03-13,LAJPATNAGAR
2024-04-12,LAJPATNAGAR
2024-06-12,CHANDNIMAHAL
2024-06-30,LAJPATNAGAR
2024-06-21,LAJPATNAGAR
2024-06-08,DARYAGANJ
2024-06-20,DARYAGANJ
2024-06-24,DARYAGANJ
2024-06-17,LAJPATNAGAR
2024-06-19,LAJPATNAGAR
2024-02-01,LAJPATNAGAR
2024-06-28,DARYAGANJ
2024-06-21,LAJPATNAGAR
2024-06-21,IPESTATE
2024-06-28,IPESTATE
2024-06-24,VIJAYVIHAR
2024-07-01,SUBZIMANDI
2024-07-02,MAIDANGARHI
2024-06-22,VASANTKUNJSOUTH
2024-07-03,CIVILLINES
2024-07-03,KASHMERIGATE
2024-07-03,KASHMERIGATE
2024-02-08,DARYAGANJ
2024-06-01,DARYAGANJ
2024-06-18,VIJAYVIHAR
2024-06-15,SHAHDARA
2024-07-04,PATPARGANJINDUSTRIALAREA
2024-07-04,NAJAFGARH
2024-06-30,NEWUSMANPUR
2024-06-30,NEWUSMANPUR
2024-06-29,PUNJABIBAGH
2024-06-30,SUNLIGHTCOLONY
2024-07-04,MAHENDRAPARK
2024-07-02,NABIKARIM
2024-06-24,PASCHIMVIHAREAST
2024-07-01,VIKASPURI
2024-07-01,VIKASPURI
2024-06-19,AMARCOLONY
2024-07-03,SHAHDARA
2024-06-20,RANIBAGH
2024-07-05,MAHENDRAPARK
2024-06-19,AMARCOLONY
2024-06-17,ASHOKVIHAR
2024-06-30,KASHMERIGATE
2024-07-03,BURARI
2024-07-06,SUNLIGHTCOLONY
2024-07-06,KASHMERIGATE
2024-06-30,MAHENDRAPARK
2024-07-29,GTBENCLAVE
2024-06-23,KNKATJUMARG
2024-07-02,KASHMERIGATE
2024-06-13,KHYALA
2024-06-21,SAFDARJUNGENCLAVE
2024-05-29,LAHORIGATE
2024-07-07,LAJPATNAGAR
2024-07-07,NAJAFGARH
2024-07-07,SULTANPURI
2024-06-19,DABRI
2024-07-05,CIVILLINES
2024-07-04,CIVILLINES
2024-07-07,VASANTKUNJNORTH
2024-06-13,BARAKHAMBAROAD
2024-07-07,RAJOURIGARDEN
2024-06-04,MANGOLPURI
2024-06-20,PAHARGANJ
2024-07-08,NANDNAGRI
2024-07-06,SOUTHROHINI
2024-07-07,BADARPUR
2024-07-07,LAHORIGATE
2024-07-08,RANIBAGH
2024-07-01,MAHENDRAPARK
2024-06-13,KNKATJUMARG
2024-07-07,SEEMAPURI
2024-07-07,BABAHARIDASNAGAR
2024-07-07,KASHMERIGATE
2024-07-09,VIKASPURI
2024-07-08,GTBENCLAVE
2024-07-09,KAMLAMARKET
2024-06-18,KNKATJUMARG
2024-06-18,RKPURAM
2024-06-29,SUNLIGHTCOLONY
2024-05-29,SUNLIGHTCOLONY
2024-07-08,GTBENCLAVE
2024-07-09,AMARCOLONY
2024-07-09,GTBENCLAVE
2024-07-09,SUBZIMANDI
2024-07-09,AMARCOLONY
2024-06-27,KNKATJUMARG
2024-06-08,KOTWALI
2024-06-04,KOTWALI
2024-05-31,KOTWALI
2024-05-31,KOTWALI
2024-06-20,KOTWALI
2024-06-17,KOTWALI
2024-06-17,KOTWALI
2024-06-16,KOTWALI
2024-06-29,KOTWALI
2024-06-28,KOTWALI
2024-06-27,KOTWALI
2024-06-25,KOTWALI
2024-07-10,KOTWALI
2024-07-08,KOTWALI
2024-07-02,KOTWALI
2024-07-10,SULTANPURI
2024-07-06,SUNLIGHTCOLONY
2024-07-10,MUNDKA
2024-07-11,IPESTATE
2024-06-20,PUNJABIBAGH
2024-07-11,KASHMERIGATE
2024-07-11,NORTHAVENUE
2024-07-11,KAPASHERA
2024-07-11,MANGOLPURI
2024-07-10,DBGROAD
2024-07-08,MAHENDRAPARK
2024-07-05,MAHENDRAPARK
2024-07-11,LAJPATNAGAR
2024-07-08,NIHALVIHAR
2024-05-27,MOHANGARDEN
2024-07-10,DBGROAD
2024-07-06,AMARCOLONY
2024-07-11,TIMARPUR
2024-07-12,NARELAINDUSTRIALAREA
2024-07-12,GTBENCLAVE
2024-07-08,KASHMERIGATE
2024-06-12,KAPASHERA
2024-07-04,SEEMAPURI
2024-07-10,VIVEKVIHAR
2024-07-11,DARYAGANJ
2024-07-08,NANDNAGRI
2024-07-11,KAPASHERA
2024-06-15,KAPASHERA
2024-07-06,AMARCOLONY
2024-07-11,SAFDARJUNGENCLAVE
2024-07-12,CIVILLINES
2024-05-20,BINDAPUR
2024-07-13,SOUTHCAMPUS
2024-06-16,KNKATJUMARG
2024-07-13,NEBSARAI
2024-07-13,SOUTHCAMPUS
2024-07-03,PATPARGANJINDUSTRIALAREA
2024-06-19,RAJOURIGARDEN
2024-06-18,RAJOURIGARDEN
2024-06-30,PASCHIMVIHARWEST
2024-07-15,MODELTOWN
2024-07-13,SULTANPURI
2024-07-14,GANDHINAGAR
2024-07-16,KASHMERIGATE
2024-07-09,KASHMERIGATE
2024-07-16,PATELNAGAR
2024-07-16,SAFDARJUNGENCLAVE
2024-07-16,KAPASHERA
2024-07-16,GTBENCLAVE
2024-07-16,KASHMERIGATE
2024-06-18,PRASHANTVIHAR
2024-06-23,KNKATJUMARG
2024-07-11,IPESTATE
2024-07-16,NEWASHOKNAGAR
2024-07-16,CIVILLINES
2024-07-16,CIVILLINES
2024-07-17,SADARBAZAR
2024-07-16,GTBENCLAVE
2024-07-17,SUBZIMANDI
2024-07-17,JAMAMASJID
2024-07-16,IPESTATE
2024-07-17,JAMAMASJID
2024-07-16,IPESTATE
2024-07-13,LODICOLONY
2024-07-18,PASCHIMVIHARWEST
2024-07-18,PASCHIMVIHARWEST
2024-07-14,KHYALA
2024-07-16,SAMAIPURBADLI
2024-07-15,MANGOLPURI
2024-07-15,MANGOLPURI
2024-07-10,RAJPARK
2024-07-17,JAFRABAD
2024-07-16,MAHENDRAPARK
2024-07-16,MAHENDRAPARK
2024-07-16,KAPASHERA
2024-07-14,KHYALA
2024-07-15,NEBSARAI
2024-07-19,GOVINDPURI
2024-07-19,SUBZIMANDI
2024-07-12,KOTWALI
2024-07-15,ROOPNAGAR
2023-04-17,ANANDVIHARRLYSTN
2024-07-17,JAMAMASJID
2024-07-17,JAMAMASJID
2024-07-15,ADARSHNAGAR
2024-07-20,SAFDARJUNGENCLAVE
2024-07-20,KALYANPURI
2024-07-20,CIVILLINES
2024-07-20,ANANDVIHARRLYSTN
2024-07-20,KOTWALI
2024-07-12,SWARUPNAGAR
2024-06-30,PASCHIMVIHARWEST
2024-07-06,ALIPUR
2024-07-16,LAJPATNAGAR
2024-07-21,SADARBAZAR
2024-07-21,CIVILLINES
2024-07-09,DARYAGANJ
2024-07-20,KALYANPURI
2024-07-16,MAHENDRAPARK
2024-07-17,PUNJABIBAGH
2024-07-22,DBGROAD
2024-07-21,KHYALA
2024-07-22,IGIAIRPORT
2024-07-22,ANANDVIHARRLYSTN
2024-07-20,ANANDVIHARRLYSTN
2024-07-14,SAGARPUR
2024-07-18,KASHMERIGATE
2024-07-22,SADARBAZAR
2024-07-22,LAHORIGATE
2024-07-22,DBGROAD
2024-07-09,DARYAGANJ
2024-07-21,KHYALA
2024-06-25,SEELAMPUR
2024-07-15,MANGOLPURI
2024-07-16,KASHMERIGATE
2024-06-20,MUNDKA
2024-07-18,BAWANA
2024-07-21,MANGOLPURI
2024-07-23,IPESTATE
2024-07-23,SUBZIMANDI
2024-07-22,CIVILLINES
2024-07-22,SARITAVIHAR
2024-06-19,MANGOLPURI
2024-07-18,NORTHROHINI
2024-07-23,BHAJANPURA
2024-07-24,KOTWALI
2024-07-22,ANANDVIHARRLYSTN
2024-07-20,BHALSWADIARY
2024-07-22,ANANDVIHARRLYSTN
2024-07-22,BAWANA
2024-07-24,GULABIBAGH
2024-07-15,SAFDARJUNGENCLAVE
2024-07-15,KIRTINAGAR
2024-07-17,TILAKNAGAR
2024-07-17,TILAKNAGAR
2024-07-26,RAJPARK
2024-07-25,JAFFARPURKALAN
2024-07-24,ANANDVIHARRLYSTN
2024-07-25,ANANDVIHARRLYSTN
2024-07-21,MAYAPURI
2024-07-26,KASHMERIGATE
2024-07-26,KASHMERIGATE
2024-07-24,KASHMERIGATE
2024-07-25,KASHMERIGATE
2024-07-23,KASHMERIGATE
2024-07-25,CIVILLINES
2024-07-21,MAYAPURI
2024-07-25,SAFDARJUNGENCLAVE
2024-07-25,VIVEKVIHAR
2024-07-26,NARAINA
2024-07-27,WAZIRABAD
2024-07-27,RAJPARK
2024-07-27,RAJPARK
2024-07-26,KASHMERIGATE
2024-07-27,KASHMERIGATE
2024-07-28,DARYAGANJ
2024-07-28,NIHALVIHAR
2024-07-28,SAFDARJUNGENCLAVE
2024-07-20,ANANDVIHARRLYSTN
2024-07-22,ANANDVIHARRLYSTN
2024-07-25,ANANDVIHARRLYSTN
2024-07-20,ANANDVIHARRLYSTN
2024-07-24,ANANDVIHARRLYSTN
2024-07-28,DARYAGANJ
2024-07-28,CHANDNIMAHAL
2024-07-11,KHYALA
2024-07-18,BHALSWADIARY
2024-07-29,SAMAIPURBADLI
2024-07-29,NANGLOI
2024-07-27,GTBENCLAVE
2024-07-29,KAMLAMARKET
2024-07-29,KOTWALI
2024-07-29,WAZIRABAD
2024-07-29,PATPARGANJINDUSTRIALAREA
2024-06-24,CHANDNIMAHAL
2024-07-11,KHYALA
2024-07-30,RAJPARK
2024-07-29,CHANDNIMAHAL
2024-07-29,KAMLAMARKET
2024-07-30,KESHAVPURAM
2024-07-29,CIVILLINES
2024-07-29,IPESTATE
2024-07-29,KOTWALI
2024-06-18,DELHICANTT
2024-07-29,KAMLAMARKET
2024-07-31,JAMAMASJID
2024-07-30,CONNAUGHTPLACE
2024-07-30,NEWUSMANPUR
2024-07-18,CHANKYAPURI
2024-07-31,PATPARGANJINDUSTRIALAREA
2024-07-29,AMARCOLONY
2024-07-31,CHITRANJANPARK
2024-07-31,ANANDVIHARRLYSTN
2024-07-27,ANANDVIHARRLYSTN
2024-07-30,PRASADNAGAR
2024-07-24,DARYAGANJ
2024-07-31,PATPARGANJINDUSTRIALAREA
2024-07-31,KALYANPURI
2024-07-30,IPESTATE
2024-07-29,AMARCOLONY
2024-07-29,CHANDNIMAHAL
2024-07-31,PATPARGANJINDUSTRIALAREA
2024-08-01,JAITPUR
2024-07-31,DABRI
2024-07-30,SHAHDARA
2024-08-01,PAHARGANJ
2024-07-31,CIVILLINES
2024-08-01,DELHICANTT
2024-07-26,SAFDARJUNGENCLAVE
2024-08-01,NEWUSMANPUR
2024-07-16,PANDAVNAGAR
2024-07-31,HAUZQAZI
2024-07-28,PREETVIHAR
2024-08-01,WAZIRABAD
2024-07-31,WAZIRABAD
2024-08-01,GTBENCLAVE
2024-07-15,ADARSHNAGAR
2024-06-18,KIRTINAGAR
2024-06-18,KIRTINAGAR
2024-08-01,IGIAIRPORTMETRO
2024-08-02,JAHANGIRPURI
2024-08-02,SWARUPNAGAR
2024-07-31,GOVINDPURI
2023-07-31,GOVINDPURI
2024-08-02,KOTWALI
2024-08-02,NANGLOI
2024-08-02,HAUZQAZI
2024-08-02,RAJOURIGARDEN
2024-07-31,SAFDARJUNGENCLAVE
2024-07-30,GTBENCLAVE
2024-07-29,GTBENCLAVE
2024-07-20,KAMLAMARKET
2024-08-02,ALIPUR
2024-06-17,BINDAPUR
2024-07-29,BADARPUR
2024-08-03,HAUZKHAS
2024-08-03,BHARATNAGAR
2024-08-02,CIVILLINES
2024-08-02,CIVILLINES
2024-08-03,MAHENDRAPARK
2024-08-03,SUNLIGHTCOLONY
2024-08-02,KASHMERIGATE
2024-08-01,KASHMERIGATE
2024-07-21,JAHANGIRPURI
2024-08-03,KALKAJI
2024-07-24,KALKAJI
2024-08-03,AMANVIHAR
2024-07-30,CONNAUGHTPLACE
2024-08-02,GTBENCLAVE
2024-07-30,JAMAMASJID
2024-06-18,KESHAVPURAM
2024-07-06,SUNLIGHTCOLONY
2024-07-24,SUNLIGHTCOLONY
2024-08-03,BARAHINDURAO
2024-08-04,KOTWALI
2024-08-04,HARINAGAR
2024-07-05,PATELNAGAR
2024-07-26,SAFDARJUNGENCLAVE
2024-08-03,HAUZKHAS
2024-07-24,KOTWALI
2024-08-04,KOTWALI
2024-08-03,AMANVIHAR
2024-08-03,TIGRI
2024-07-27,FARSHBAZAR
2024-08-04,KASHMERIGATE
2024-08-05,NEWFRIENDSCOLONY
2024-08-03,DWARKASOUTH
2024-08-05,KOTWALI
2024-07-31,ANANDVIHARRLYSTN
2024-07-29,ANANDVIHARRLYSTN
2024-06-24,VIJAYVIHAR
2024-08-05,KASHMERIGATE
2024-08-06,FARSHBAZAR
2024-08-06,AMARCOLONY
2024-07-10,SULTANPURI
2024-07-29,CHITRANJANPARK
2024-08-04,AMARCOLONY
2024-07-02,PASCHIMVIHAREAST
2024-06-17,PASCHIMVIHAREAST
2024-06-03,SUBHASHPLACE
2024-08-06,GTBENCLAVE
2024-08-07,ANANDVIHARRLYSTN
2024-08-05,SAMAIPURBADLI
2024-07-31,GTBENCLAVE
2024-08-07,SUNLIGHTCOLONY
2024-07-30,KNKATJUMARG
2024-06-13,DELHICANTT
2024-08-08,DELHICANTT
2024-08-06,SULTANPURI
2024-08-07,WAZIRABAD
2024-08-08,JANAKPURI
2024-07-26,MANGOLPURI
2024-08-08,CIVILLINES
2024-08-08,RAJOURIGARDEN
2024-07-16,KAPASHERA
2024-08-01,PAHARGANJ
2024-08-09,KOTWALI
2024-08-08,AMARCOLONY
2024-08-09,KOTWALI
2024-05-24,SAFDARJUNGENCLAVE
2024-05-09,SAFDARJUNGENCLAVE
2024-08-08,SAFDARJUNGENCLAVE
2024-07-04,AMARCOLONY
2024-08-07,LAHORIGATE
2024-08-08,SUBZIMANDI
2024-07-30,SHAKARPUR
2024-06-02,PARLIAMENTSTREET
2024-08-11,SADARBAZAR
2024-08-11,CIVILLINES
2024-08-11,PASCHIMVIHARWEST
2024-08-11,SHASTRIPARK
2024-07-10,PARLIAMENTSTREET
2024-08-11,MAHENDRAPARK
2024-08-10,TIMARPUR
2024-08-11,LAHORIGATE
2024-08-11,LAHORIGATE
2024-08-10,KASHMERIGATE
2024-08-11,KASHMERIGATE
2024-08-09,INDERPURI
2024-08-11,FARSHBAZAR
2024-06-25,RANHOLA
2024-08-12,HARSHVIHAR
2024-08-12,GULABIBAGH
2024-08-10,CIVILLINES
2024-08-12,KASHMERIGATE
2024-08-12,WAZIRABAD
2024-08-10,MAHENDRAPARK
2024-08-12,KOTWALI
2024-08-12,SHAHDARA
2024-08-13,SUNLIGHTCOLONY
2024-07-24,KAPASHERA
2024-06-02,KESHAVPURAM
2024-08-12,GULABIBAGH
2024-06-16,KESHAVPURAM
2024-06-16,KESHAVPURAM
2024-08-12,GANDHINAGAR
2024-08-14,SHAHDARA
2024-08-13,SAMAIPURBADLI
2024-08-14,KOTWALI
2024-08-14,BARAHINDURAO
2024-08-13,KOTWALI
2024-08-14,SUBZIMANDI
2024-08-13,ADARSHNAGAR
2024-08-14,PREETVIHAR
2024-08-14,FARSHBAZAR
2024-08-14,JANAKPURI
2024-08-31,ADARSHNAGAR
2024-08-13,ADARSHNAGAR
2024-08-13,KOTWALI
2024-08-13,KOTWALI
2024-06-25,RANHOLA
2024-08-14,BURARI
2024-08-15,KASHMERIGATE
2024-08-15,HARINAGAR
2024-08-10,PASCHIMVIHAREAST
2024-08-14,KOTWALI
2024-06-14,PARLIAMENTSTREET
2024-08-01,RAJOURIGARDEN
2024-03-06,SAFDARJUNGENCLAVE
2024-08-09,SARAIROHILLA
2024-08-14,MUNDKA
2024-08-16,SUBZIMANDI
2024-08-16,KOTWALI
2024-08-14,LAHORIGATE
2024-08-12,TILAKNAGAR
2024-08-16,KASHMERIGATE
2024-08-13,MANGOLPURI
2024-08-17,TILAKMARG
2024-08-16,AMARCOLONY
2024-07-25,ANANDVIHARRLYSTN
2024-08-16,AMARCOLONY
2024-08-18,MANSAROVARPARK
2024-08-18,ANANDVIHARRLYSTN
2024-06-30,PASCHIMVIHARWEST
2024-08-18,SUBZIMANDI
2024-08-15,PUNJABIBAGH
2024-08-17,DARYAGANJ
2024-08-18,ANANDVIHARRLYSTN
2024-08-15,ANANDVIHARRLYSTN
2024-08-18,SUNLIGHTCOLONY
2024-08-14,LAJPATNAGAR
2024-08-18,SUBZIMANDI
2024-08-19,PAHARGANJ
2024-08-17,PAHARGANJ
2024-08-06,FARSHBAZAR
2024-08-19,SADARBAZAR
2024-08-13,KASHMERIGATE
2024-08-20,JANAKPURI
2024-08-20,SHAKARPUR
2024-08-17,KASHMERIGATE
2024-08-15,SUNLIGHTCOLONY
2024-08-18,KAPASHERA
2024-08-19,TIMARPUR
2024-08-20,PASCHIMVIHARWEST
2024-08-20,JAHANGIRPURI
2024-08-01,MANGOLPURI
2024-08-18,NORTHROHINI
2024-08-12,LODICOLONY
2024-08-18,SWARUPNAGAR
2024-08-17,BADARPUR
2024-08-19,LAHORIGATE
2024-08-21,CIVILLINES
2024-08-20,TIMARPUR
2024-08-21,MANDIRMARG
2024-08-20,CHANDNIMAHAL
2024-08-21,DARYAGANJ
2024-07-24,KAPASHERA
2024-07-24,KAPASHERA
2024-08-21,MAHENDRAPARK
2024-08-20,MAHENDRAPARK
2024-08-19,SEEMAPURI
2024-08-20,TIMARPUR
2024-08-20,TIMARPUR
2024-08-18,NANGLOI
2024-08-22,KOTWALI
2024-08-20,SHAHDARA
2024-08-21,KASHMIRIGATEMETRO
2024-08-16,MAHENDRAPARK
2024-07-20,SAFDARJUNGENCLAVE
2024-08-22,ANANDPARBAT
2024-08-07,NARELAINDUSTRIALAREA
2024-08-23,SUBHASHPLACE
2024-07-14,SAFDARJUNGENCLAVE
2024-08-22,ANANDVIHARRLYSTN
2024-08-23,DARYAGANJ
2024-08-19,PATPARGANJINDUSTRIALAREA
2024-08-22,KASHMERIGATE
2024-08-21,IPESTATE
2024-08-05,SEEMAPURI
2024-08-03,SUNLIGHTCOLONY
2024-08-17,TILAKMARG
2024-07-30,MAYURVIHARPHI
2024-08-24,LAHORIGATE
2024-08-23,GTBENCLAVE
2024-08-22,GTBENCLAVE
2024-08-01,SAGARPUR
2024-08-12,IPESTATE
2024-08-24,CIVILLINES
2024-08-16,TILAKNAGAR
2024-08-24,BHAJANPURA
2024-08-24,FARSHBAZAR
2024-08-24,IPESTATE
2024-08-25,SHAHEENBAGH
2024-08-23,KASHMERIGATE
2024-08-25,ALIPUR
2024-08-16,SOROJININAGAR
2024-08-22,SUBZIMANDI
2024-08-25,CHANKYAPURI
2024-08-25,PATPARGANJINDUSTRIALAREA
2024-08-26,INDERPURI
2024-08-26,INDERPURI
2024-08-19,MOHANGARDEN
2024-08-26,CONNAUGHTPLACE
2024-08-26,NIHALVIHAR
2024-08-23,MUKHERJEENAGAR
2024-08-26,HARINAGAR
2024-08-25,SAMAIPURBADLI
2024-08-26,LAHORIGATE
2024-08-07,ANANDVIHARRLYSTN
2024-07-30,KNKATJUMARG
2024-08-24,SULTANPURI
2024-08-24,SULTANPURI
2024-08-22,ANANDVIHARRLYSTN
2024-07-15,KIRTINAGAR
2024-08-27,DARYAGANJ
2024-08-27,DARYAGANJ
2024-08-27,KOTWALI
2024-08-27,KOTWALI
2024-08-26,MANSAROVARPARK
2024-08-26,KAMLAMARKET
2024-08-26,CONNAUGHTPLACE
2024-06-19,SAFDARJUNGENCLAVE
2024-06-27,SAFDARJUNGENCLAVE
2024-07-31,SAFDARJUNGENCLAVE
2024-08-27,SAFDARJUNGENCLAVE
2024-08-25,KASHMERIGATE
2024-08-28,LAHORIGATE
2024-08-27,BEGUMPUR
2024-08-28,SUBZIMANDI
2024-08-27,DARYAGANJ
2024-08-27,DARYAGANJ
2024-08-24,LAHORIGATE
2024-08-28,LAHORIGATE
2024-08-28,GTBENCLAVE
2024-08-28,CIVILLINES
2024-08-23,SAFDARJUNGENCLAVE
2024-08-19,SHASTRIPARK
2024-08-04,GEETACOLONY
2024-08-29,GTBENCLAVE
2024-08-28,ANANDVIHARRLYSTN
2024-08-29,KASHMERIGATE
2024-08-28,MAHENDRAPARK
2024-08-28,MAHENDRAPARK
2024-08-28,MAHENDRAPARK
2024-08-22,PAHARGANJ
2024-08-30,KNKATJUMARG
2024-08-30,SADARBAZAR
2024-08-29,NANGLOI
2024-08-30,IPESTATE
2024-08-29,CONNAUGHTPLACE
2024-07-28,CHANDNIMAHAL
2024-08-29,CONNAUGHTPLACE
2024-08-13,KNKATJUMARG
2024-08-27,KOTWALI
2024-08-31,TIGRI
2024-08-30,VASANTKUNJSOUTH
2024-08-30,KASHMIRIGATEMETRO
2024-08-31,SAMAIPURBADLI
2024-08-31,JAMAMASJID
2024-08-31,SUBZIMANDI
2024-07-24,NABIKARIM
2024-07-31,NABIKARIM
2024-08-24,NABIKARIM
2024-08-31,NABIKARIM
2024-08-01,NABIKARIM
2024-08-10,SUNLIGHTCOLONY
2024-08-18,SUNLIGHTCOLONY
2024-08-07,SUNLIGHTCOLONY
2024-08-30,TILAKNAGAR
2024-06-14,TILAKNAGAR
2024-08-29,TILAKNAGAR
2024-09-01,LAHORIGATE
2024-09-01,VASANTVIHAR
2024-08-30,SHASTRIPARK
2024-08-30,KIRTINAGAR
2024-09-01,HARINAGAR
2024-08-31,HARINAGAR
2024-08-31,JAMAMASJID
2024-08-31,HARSHVIHAR
2024-08-23,KNKATJUMARG
2024-08-31,SANGAMVIHAR
2024-08-29,KASHMERIGATE
2024-09-01,CIVILLINES
2024-08-28,KASHMERIGATE
2024-09-01,CIVILLINES
2024-08-28,KASHMERIGATE
2024-08-14,SAMAIPURBADLI
2024-08-20,SHAHDARA
2024-08-11,LAHORIGATE
2024-09-02,KOTWALI
2024-09-03,DARYAGANJ
2024-09-03,KASHMERIGATE
2024-09-03,DARYAGANJ
2024-09-03,ANANDVIHARRLYSTN
2024-08-30,VASANTKUNJSOUTH
2024-09-01,SUNLIGHTCOLONY
2024-09-01,SUNLIGHTCOLONY
2024-09-01,BHAJANPURA
2024-09-03,DARYAGANJ
2024-07-13,LODICOLONY
2024-09-01,SUNLIGHTCOLONY
2024-09-04,MAHENDRAPARK
2024-09-04,MAHENDRAPARK
2024-08-31,GTBENCLAVE
2024-09-01,KASHMERIGATE
2024-09-02,KASHMERIGATE
2024-08-31,BINDAPUR
2024-09-05,CIVILLINES
2024-09-03,PUNJABIBAGH
2024-08-09,NORTHROHINI
2024-09-05,GTBENCLAVE
2024-07-23,KNKATJUMARG
2024-09-01,OKHLAINDUSTRIALAREA
2024-09-04,PAHARGANJ
2024-09-03,MANGOLPURI
2024-09-06,MUKHERJEENAGAR
2024-09-05,KOTWALI
2024-09-04,IPESTATE
2024-08-20,CHANDNIMAHAL
2024-09-01,MUNDKA
2024-09-06,IPESTATE
2024-09-04,AMARCOLONY
2024-09-06,GULABIBAGH
2024-09-03,ANANDVIHARRLYSTN
2024-09-04,AMARCOLONY
2024-09-06,KAMLAMARKET
2024-09-07,FARSHBAZAR
2024-09-08,NAJAFGARH
2024-09-08,KASHMERIGATE
2024-09-06,KASHMERIGATE
2024-09-08,BARAHINDURAO
2024-09-07,JAFRABAD
2024-09-08,SADARBAZAR
2024-09-02,SAMAIPURBADLI
2024-08-25,PATPARGANJINDUSTRIALAREA
2024-09-07,KASHMERIGATE
2024-09-07,KASHMERIGATE
2024-09-08,KASHMERIGATE
2024-09-04,CONNAUGHTPLACE
2024-09-07,KALYANPURI
2024-09-09,LODICOLONY
2024-08-25,CHANKYAPURI
2024-09-06,SAFDARJUNGENCLAVE
2024-09-04,RANJITNAGAR
2024-09-10,KALYANPURI
2024-09-10,SHAHDARA
2024-09-09,JANAKPURI
2024-09-09,TIGRI
2024-09-08,KALYANPURI
2024-08-26,MANSAROVARPARK
2024-09-11,IPESTATE
2024-09-07,JAHANGIRPURI
2024-09-11,SUBHASHPLACE
2024-09-11,ANANDVIHARRLYSTN
2024-09-10,VASANTKUNJSOUTH
2024-09-11,ADARSHNAGAR
2024-09-11,SADARBAZAR
2024-08-12,DARYAGANJ
2024-09-03,DARYAGANJ
2024-08-01,DELHICANTT
2024-09-12,TUGHLAKROAD
2024-09-11,MAYAPURI
2024-09-12,NORTHROHINI
2024-09-12,KOTWALI
2024-09-12,SUNLIGHTCOLONY
2024-09-03,BAWANA
2024-09-12,KASHMERIGATE
2024-09-10,KASHMERIGATE
2024-09-12,TIMARPUR
2024-09-12,KASHMERIGATE
2024-09-11,ADARSHNAGAR
2024-09-10,LAHORIGATE
2024-09-02,ADARSHNAGAR
2024-09-01,NANDNAGRI
2024-09-11,MAYAPURI
2024-08-12,DARYAGANJ
2024-09-03,GTBENCLAVE
2024-07-29,IPESTATE
2024-08-30,IPESTATE
2024-08-30,IPESTATE
2024-09-11,BEGUMPUR
2024-07-29,IPESTATE
2024-09-02,IPESTATE
2024-09-11,IPESTATE
2024-09-13,ASHOKVIHAR
2024-05-31,ANANDVIHARRLYSTN
2024-05-26,ANANDVIHARRLYSTN
2024-09-13,SAFDARJUNGENCLAVE
2024-09-12,LAXMINAGAR
2024-09-13,SAMAIPURBADLI
2024-08-29,HAUZQAZI
2024-08-29,HAUZQAZI
2024-09-06,SAFDARJUNGENCLAVE
2024-09-12,TIMARPUR
2023-07-12,KOTWALI
2024-09-14,KALYANPURI
2024-09-14,SUBZIMANDI
2024-08-31,ADARSHNAGAR
2024-08-28,ANANDVIHARRLYSTN
2024-09-11,ANANDVIHARRLYSTN
2024-08-28,ANANDVIHARRLYSTN
2024-09-05,KIRTINAGAR
2024-08-30,KOTWALI
2024-09-14,SUNLIGHTCOLONY
2024-09-15,JAMAMASJID
2024-09-15,PUNJABIBAGH
2024-09-14,PUNJABIBAGH
2024-09-14,KASHMERIGATE
2024-09-14,KASHMERIGATE
2023-07-12,KOTWALI
2024-08-31,KASHMERIGATE
2024-09-15,SUBZIMANDI
2024-09-12,MANDIRMARG
2024-08-18,NORTHROHINI
2024-09-16,PAHARGANJ
2024-08-10,UTTAMNAGAR
2024-09-16,PATPARGANJINDUSTRIALAREA
2024-09-16,AMARCOLONY
2024-08-30,KOTWALI
2024-09-16,SHALIMARBAGH
2024-09-07,SAMAIPURBADLI
2024-09-14,AMARCOLONY
2024-09-01,MANGOLPURI
2024-09-15,VASANTKUNJSOUTH
2024-09-17,KOTWALI
2024-09-01,VASANTVIHAR
2024-09-14,GANDHINAGAR
2024-09-14,GTBENCLAVE
2024-09-18,SUBZIMANDI
2024-09-18,SARAIROHILLA
2024-08-18,TILAKNAGAR
2024-09-14,GTBENCLAVE
2024-09-17,TILAKNAGAR
2024-09-17,KASHMERIGATE
2024-09-15,CIVILLINES
2024-09-18,KAPASHERA
2024-09-18,BHARATNAGAR
2024-09-15,KALYANPURI
2024-09-01,CIVILLINES
2024-09-17,KOTWALI
2024-08-28,VIKASPURI
2024-09-15,AMARCOLONY
2024-09-19,PASCHIMVIHARWEST
2024-09-19,PASCHIMVIHARWEST
2024-09-19,PAHARGANJ
2024-09-19,KOTWALI
2024-09-18,MANDIRMARG
2024-09-17,ADARSHNAGAR
2024-09-15,AMARCOLONY
2024-09-15,JAMAMASJID
2024-07-16,SAFDARJUNGENCLAVE
2024-09-14,RANJITNAGAR
2024-09-20,GULABIBAGH
2024-09-20,GULABIBAGH
2024-09-20,LAHORIGATE
2024-08-14,LAHORIGATE
2024-09-18,NORTHROHINI
2024-08-13,JANAKPURI
2024-09-20,KNKATJUMARG
2024-09-19,VIKASPURI
2024-01-09,NIHALVIHAR
2024-09-20,ALIPUR
2024-09-21,SUBZIMANDI
2024-09-20,IPESTATE
2024-09-21,LAHORIGATE
2024-09-14,SUNLIGHTCOLONY
2024-09-19,JAFRABAD
2024-09-21,KAMLAMARKET
2024-07-29,KESHAVPURAM
2024-09-19,KOTWALI
2024-09-21,MANSAROVARPARK
2024-09-22,IPESTATE
2024-09-18,MAHENDRAPARK
2024-09-18,MAHENDRAPARK
2024-09-22,TIMARPUR
2024-01-10,PARLIAMENTSTREET
2024-09-20,TIMARPUR
2024-09-14,GTBENCLAVE
2024-09-07,SHAHDARA
2024-09-06,GULABIBAGH
2024-09-23,WAZIRABAD
2024-09-24,JAMAMASJID
2024-09-24,KOTWALI
2024-09-23,KAROLBAGH
2024-09-23,MAIDANGARHI
2024-08-28,MANGOLPURI
2024-09-12,NORTHROHINI
2024-09-23,TIMARPUR
2024-09-21,GTBENCLAVE
2024-09-22,KOTWALI
2024-09-25,LAXMINAGAR
2024-09-25,BARAKHAMBAROAD
2024-09-25,MAHENDRAPARK
2024-09-05,TUGHLAKROAD
2024-09-23,LAHORIGATE
2024-09-19,SHASTRIPARK
2024-09-23,KASHMERIGATE
2024-09-17,KASHMERIGATE
2024-08-26,SHASTRIPARK
2024-08-26,SHASTRIPARK
2024-09-13,KASHMERIGATE
2024-09-24,KNKATJUMARG
2024-09-18,BHALSWADIARY
2024-09-19,KAMLAMARKET
2024-09-24,KOTWALI
2024-09-21,LAHORIGATE
2024-09-24,SAFDARJUNGENCLAVE
2024-09-25,MOTINAGAR
2024-09-26,SAFDARJUNGENCLAVE
2024-09-24,GTBENCLAVE
2024-09-26,MAYAPURI
2024-09-26,LAHORIGATE
2024-09-26,SHALIMARBAGH
2024-09-25,FATEHPURBERI
2024-09-24,CIVILLINES
2024-09-25,PATPARGANJINDUSTRIALAREA
2024-09-27,KALANDIKUNJ
2024-09-25,ALIPUR
2024-09-27,MODELTOWN
2024-09-27,JAMIANAGAR
2024-09-27,GTBENCLAVE
2024-09-18,KESHAVPURAM
2024-09-24,SUNLIGHTCOLONY
2024-09-14,DARYAGANJ
2024-09-24,JAMAMASJID
2024-09-23,LAHORIGATE
2024-08-03,SAFDARJUNGENCLAVE
2024-09-28,KESHAVPURAM
2024-09-28,DWARKANORTH
2024-09-23,BEGUMPUR
2024-09-28,GULABIBAGH
2024-07-04,PATPARGANJINDUSTRIALAREA
2024-08-08,JANAKPURI
2024-08-20,JANAKPURI
2024-08-20,JANAKPURI
2024-09-27,KOTWALI
2024-09-23,DELHICANTT
2024-09-28,MUNDKA
2024-09-23,KASHMERIGATE
2024-09-29,CHHAWALA
2024-09-17,PRASHANTVIHAR
2024-09-29,FARSHBAZAR
2024-09-29,SADARBAZAR
2024-09-30,KOTWALI
2024-09-22,BURARI
2024-09-29,JAHANGIRPURI
2024-09-23,GANDHINAGAR
2024-09-23,GANDHINAGAR
2024-09-23,GANDHINAGAR
2024-09-16,PRASHANTVIHAR
2024-09-26,TILAKMARG
2024-09-13,SULTANPURI
2024-10-01,SULTANPURI
2024-09-18,BEGUMPUR
2024-09-30,SUNLIGHTCOLONY
2024-10-01,MANGOLPURI
2024-09-29,KASHMERIGATE
2024-09-29,KASHMERIGATE
2024-09-30,BEGUMPUR
2024-09-30,BEGUMPUR
2024-10-01,KASHMERIGATE
2024-09-11,SUBHASHPLACE
2024-09-28,SAFDARJUNGENCLAVE
2024-10-01,KOTWALI
2024-10-02,SADARBAZAR
2024-10-02,SAFDARJUNGENCLAVE
2024-10-01,WAZIRABAD
2024-09-29,SARAIROHILLA
2024-10-02,LAHORIGATE
2024-09-30,KASHMERIGATE
2024-09-30,KASHMERIGATE
2024-09-30,KASHMERIGATE
2024-09-25,KALANDIKUNJ
2024-09-12,KHYALA
2024-09-20,NORTHROHINI
2024-10-03,MODELTOWN
2024-10-03,NORTHROHINI
2024-09-23,NARELAINDUSTRIALAREA
2024-09-27,NORTHAVENUE
2024-10-03,HARSHVIHAR
2024-09-16,PAHARGANJ
2024-08-31,BARAHINDURAO
2024-08-14,BARAHINDURAO
2024-09-25,PAHARGANJ
2024-09-25,PAHARGANJ
2024-10-04,SARAIROHILLA
2024-10-02,VASANTKUNJSOUTH
2024-10-03,GTBENCLAVE
2024-10-04,GTBENCLAVE
2024-09-30,KALYANPURI
2024-10-04,KASHMERIGATE
2024-10-03,PATPARGANJINDUSTRIALAREA
2024-09-26,KASHMERIGATE
2024-10-04,ALIPUR
2024-09-20,IPESTATE
2024-08-31,HARINAGAR
2024-08-31,HARINAGAR
2024-10-04,IPESTATE
2024-10-05,PRASADNAGAR
2024-10-02,SAMAIPURBADLI
2024-10-05,PREMNAGAR
2024-10-05,KALYANPURI
2024-10-04,ANANDVIHARRLYSTN
2024-10-04,JYOTINAGAR
2024-10-04,JYOTINAGAR
2024-10-03,VASANTKUNJNORTH
2024-09-29,DARYAGANJ
2024-09-27,GTBENCLAVE
2024-06-18,RANHOLA
2024-09-12,SUNLIGHTCOLONY
2024-10-06,ANANDVIHARRLYSTN
2024-10-06,MOHANGARDEN
2024-10-06,ANANDVIHARRLYSTN
2024-10-06,WELCOME
2024-10-06,LAHORIGATE
2024-10-02,GTBENCLAVE
2024-10-07,KOTWALI
2024-10-07,SUBZIMANDI
2024-10-05,SUBZIMANDI
2024-10-03,SUBZIMANDI
2024-10-01,NABIKARIM
2024-09-22,IPESTATE
2024-10-07,NIHALVIHAR
2024-10-07,KASHMERIGATE
2024-10-08,SAMAIPURBADLI
2024-10-08,KOTWALI
2024-10-08,GTBENCLAVE
2024-10-07,CIVILLINES
2024-10-07,NIHALVIHAR
2024-07-27,SAFDARJUNGENCLAVE
2024-10-08,PASCHIMVIHARWEST
2024-10-01,BHALSWADIARY
2024-08-21,BHALSWADIARY
2024-10-04,BHALSWADIARY
2024-07-24,BHALSWADIARY
2024-10-08,ANANDVIHARRLYSTN
2024-09-18,MAYAPURI
2024-10-08,HARSHVIHAR
2024-10-08,KNKATJUMARG
2024-10-10,NABIKARIM
2024-10-11,MADHUVIHAR
2024-09-25,MAHENDRAPARK
2024-10-04,PAHARGANJ
2024-10-08,NORTHAVENUE
2024-10-10,MANGOLPURI
2024-10-12,MAHENDRAPARK
2024-10-12,ASHOKVIHAR
2024-10-08,SAMAIPURBADLI
2024-10-08,MANSAROVARPARK
2024-10-10,BARAHINDURAO
2024-10-12,NEWASHOKNAGAR
2024-10-10,LODICOLONY
2024-09-19,HARSHVIHAR
2024-10-11,MALVIYANAGAR
2024-09-18,MALVIYANAGAR
2024-09-26,MALVIYANAGAR
2024-10-02,MALVIYANAGAR
2024-09-15,NORTHROHINI
2024-10-03,NORTHROHINI
2024-10-09,IGIAIRPORT
2024-10-13,BARAKHAMBAROAD
2024-10-12,RAJPARK
2024-10-14,IPESTATE
2024-10-14,PATPARGANJINDUSTRIALAREA
2024-10-12,KALKAJI
2024-10-11,KOTWALI
2024-10-14,SUBZIMANDI
2024-10-14,NABIKARIM
2024-10-09,SUNLIGHTCOLONY
2024-10-08,ANANDVIHARRLYSTN
2024-10-13,KASHMERIGATE
2024-09-15,SADARBAZAR
2024-09-14,SUNLIGHTCOLONY
2024-09-23,DELHICANTT
2024-10-14,SEELAMPUR
2024-10-13,PANDAVNAGAR
2024-10-14,MANGOLPURI
2024-10-16,MANDIRMARG
2024-10-15,IPESTATE
2024-10-15,MUNDKA
2024-10-16,ANANDVIHARRLYSTN
2024-10-15,MEHRAULI
2024-09-02,MEHRAULI
2024-10-16,SUNLIGHTCOLONY
2024-10-15,ADARSHNAGAR
2024-09-11,ADARSHNAGAR
2024-09-25,BARAKHAMBAROAD
2024-10-16,MAYAPURI
2024-10-11,GTBENCLAVE
2024-10-09,LAXMINAGAR
2024-10-15,BUDHVIHAR
2024-10-16,MAYAPURI
2024-09-21,RANHOLA
2024-10-16,GTBENCLAVE
2024-10-04,GTBENCLAVE
2024-10-11,GTBENCLAVE
2024-10-08,GTBENCLAVE
2024-10-09,KAMLAMARKET
2024-06-18,SAFDARJUNGENCLAVE
2024-10-08,SAMAIPURBADLI
2024-10-06,ANANDVIHARRLYSTN
2024-10-18,JAMAMASJID
2024-10-09,ANANDVIHARRLYSTN
2024-10-10,DABRI
2024-10-21,SARAIROHILLA
2024-10-19,SARAIROHILLA
2024-10-21,PAHARGANJ
2024-10-19,PAHARGANJ
2024-10-17,PATPARGANJINDUSTRIALAREA
2024-10-19,KAMLAMARKET
2024-10-18,KOTWALI
2024-10-19,VASANTKUNJSOUTH
2024-10-22,RANJITNAGAR
2024-10-20,KALANDIKUNJ
2024-10-15,SAKET
2024-10-22,DBGROAD
2024-10-19,WELCOME
2024-10-22,SANGAMVIHAR
2024-10-21,SHASTRIPARK
2024-10-22,KASHMERIGATE
2024-10-22,AMANVIHAR
2024-10-15,MODELTOWN
2024-10-15,MODELTOWN
2024-10-09,CIVILLINES
2024-10-19,DARYAGANJ
2024-10-21,SOUTHCAMPUS
2024-10-13,CHANDNIMAHAL
2024-09-21,PANDAVNAGAR
2024-10-16,PANDAVNAGAR
2024-10-23,MAURICENAGAR
2024-10-23,NORTHAVENUE
2024-10-07,CIVILLINES
2024-10-22,ASHOKVIHAR
2024-10-22,PAHARGANJ
2024-10-24,MAURICENAGAR
2024-10-21,SOUTHCAMPUS
2024-10-24,JAMAMASJID
2024-10-24,DARYAGANJ
2024-10-15,KAPASHERA
2024-10-23,DEFENCECOLONY
2024-10-24,MEHRAULI
2024-10-13,CHANDNIMAHAL
2024-10-24,DARYAGANJ
2024-10-23,KIRTINAGAR
2024-10-24,LAHORIGATE
2024-10-23,NARELA
2024-10-23,JAMAMASJID
2024-06-25,SAFDARJUNGENCLAVE
2024-10-25,SAMAIPURBADLI
2024-10-25,KOTWALI
2024-07-14,SAFDARJUNGENCLAVE
2024-10-25,DELHICANTT
2024-10-25,ANANDVIHARRLYSTN
2024-10-26,LAHORIGATE
2024-10-17,PUNJABIBAGH
2024-10-26,VASANTKUNJSOUTH
2024-10-26,SUBZIMANDI
2024-10-15,KOTWALI
2024-10-24,KAMLAMARKET
2024-10-26,VIJAYVIHAR
2024-10-13,MAYAPURI
2024-10-18,MAHENDRAPARK
2024-10-18,ASHOKVIHAR
2024-10-27,ASHOKVIHAR
2024-10-22,PAHARGANJ
2024-10-26,MUKHERJEENAGAR
2024-10-25,SAMAIPURBADLI
2024-10-27,MANGOLPURI
2024-10-28,WAZIRABAD
2024-10-28,LAHORIGATE
2024-10-28,KOTWALI
2024-10-20,IPESTATE
2024-10-21,KOTWALI
2024-10-25,BADARPUR
2024-10-26,CHANDNIMAHAL
2024-10-28,TILAKNAGAR
2024-10-25,GTBENCLAVE
2024-10-28,JANAKPURI
2024-10-29,PUNJABIBAGH
2024-10-29,NANGLOI
2024-10-29,FATEHPURBERI
2024-10-29,SHASTRIPARK
2024-10-30,AMANVIHAR
2024-10-30,IPESTATE
2024-10-11,SAFDARJUNGENCLAVE
2024-10-30,KAMLAMARKET
2024-10-30,LODICOLONY
2024-10-30,NANGLOI
2024-10-30,SADARBAZAR
2024-10-24,JAMAMASJID
2024-10-30,KAMLAMARKET
2024-10-29,CHANDNIMAHAL
2024-10-30,KASHMERIGATE
2024-10-27,KASHMERIGATE
2024-10-25,KASHMERIGATE
2024-10-29,SAFDARJUNGENCLAVE
2024-10-31,CIVILLINES
2024-10-31,SUBZIMANDI
2024-10-21,PAHARGANJ
2024-10-22,PAHARGANJ
2024-10-21,PAHARGANJ
2024-10-29,JANAKPURI
2024-10-29,TILAKMARG
2024-10-31,NARELA
2024-10-29,ALIPUR
2024-10-29,ALIPUR
2024-11-01,KOTWALI
2024-10-31,JANAKPURI
2024-11-01,JAHANGIRPURI
2024-10-23,GTBENCLAVE
2024-11-01,KASHMERIGATE
2024-11-02,NEWUSMANPUR
2024-11-02,KOTWALI
2024-10-27,KOTWALI
2024-10-26,NANGLOI
2024-10-21,MANGOLPURI
2024-10-25,DBGROAD
2024-11-03,KAROLBAGH
2024-11-03,SARAIROHILLA
2024-11-03,BHAJANPURA
2024-11-03,KALKAJI
2024-11-02,KASHMERIGATE
2024-10-31,KASHMERIGATE
2024-11-03,KNKATJUMARG
2024-11-03,MAHENDRAPARK
2024-11-04,NORTHAVENUE
2024-11-04,DELHICANTT
2024-11-04,ANANDVIHARRLYSTN
2024-11-04,ANANDVIHARRLYSTN
2024-11-04,BARAHINDURAO
2024-11-02,VIKASPURI
2024-11-03,SUBZIMANDI
2024-10-24,KAMLAMARKET
2024-11-02,VIKASPURI
2024-10-07,SULTANPURI
2024-10-20,BURARI
2024-11-05,SUBZIMANDI
2024-11-05,LAHORIGATE
2024-10-26,PAHARGANJ
2024-11-05,VASANTKUNJSOUTH
2024-11-05,DARYAGANJ
2024-11-05,NANGLOI
2024-11-05,NANGLOI
2024-11-03,MADHUVIHAR
2024-11-06,SAMAIPURBADLI
2024-11-04,KOTWALI
2024-10-19,SAFDARJUNGENCLAVE
2024-11-06,NEWUSMANPUR
2024-11-04,DARYAGANJ
2024-10-17,KOTWALI
2024-10-18,KOTWALI
2024-11-06,KALYANPURI
2024-11-04,MAYAPURI
2024-10-29,CHANDNIMAHAL
2024-10-13,VIKASPURI
2024-10-13,BARAKHAMBAROAD
2024-11-07,GTBENCLAVE
2024-11-08,BHARATNAGAR
2024-11-08,AMANVIHAR
2024-10-31,SEELAMPUR
2024-11-03,IPESTATE
2024-11-08,CHANKYAPURI
2024-11-04,ANANDVIHARRLYSTN
2024-11-09,PAHARGANJ
2024-11-07,IPESTATE
2024-10-26,IPESTATE
2024-11-07,AMARCOLONY
2024-11-07,CIVILLINES
2024-11-07,AMARCOLONY
2024-10-13,BARAKHAMBAROAD
2024-10-20,IPESTATE
2024-10-04,IPESTATE
2024-10-26,IPESTATE
2024-11-04,LAHORIGATE
2024-11-04,LAHORIGATE
2024-11-03,SARAIROHILLA
2024-11-03,SARAIROHILLA
2024-11-10,ALIPUR
2024-11-10,KRISHNANAGAR
2024-11-08,MANGOLPURI
2024-11-04,BARAHINDURAO
2024-11-11,SAFDARJUNGENCLAVE
2024-11-11,KASHMERIGATE
2024-11-05,KASHMERIGATE
2024-10-25,KASHMERIGATE
2024-10-18,KASHMERIGATE
2024-11-10,SUNLIGHTCOLONY
2024-11-11,JAHANGIRPURI
2024-11-11,GULABIBAGH
2024-10-06,KASHMERIGATE
2024-11-06,KASHMERIGATE
2024-11-01,KASHMERIGATE
2024-11-11,GULABIBAGH
2024-11-05,LAHORIGATE
2024-11-11,VIVEKVIHAR
2024-11-12,MANDIRMARG
2024-11-08,IPESTATE
2024-11-12,MAHENDRAPARK
2024-11-09,SAFDARJUNGENCLAVE
2024-11-11,NAJAFGARH
2024-11-05,GULABIBAGH
2024-10-27,MAYURVIHARPHI
2024-11-13,LAHORIGATE
2024-11-13,SAMAIPURBADLI
2024-11-13,SAMAIPURBADLI
2024-11-13,KOTWALI
2024-09-21,KOTWALI
2024-10-25,CONNAUGHTPLACE
2024-11-13,MOTINAGAR
2024-11-11,MOTINAGAR
2024-11-13,MOTINAGAR
2024-11-12,MAURYAENCLAVE
2024-11-14,KALANDIKUNJ
2024-09-18,KOTWALI
2024-11-13,MAHENDRAPARK
2024-11-14,VIVEKVIHAR
2024-11-13,SAMAIPURBADLI
2024-11-14,PATPARGANJINDUSTRIALAREA
2024-11-12,SAKET
2024-11-15,SARAIROHILLA
2024-11-01,JANAKPURI
2024-11-16,PAHARGANJ
2024-11-16,GOVINDPURI
2024-11-10,SUNLIGHTCOLONY
2024-11-15,ANANDVIHARRLYSTN
2024-11-17,SAFDARJUNGENCLAVE
2024-11-17,NORTHAVENUE
2024-11-15,LAHORIGATE
2024-11-17,AMARCOLONY
2024-11-16,MUNDKA
2024-11-16,MUNDKA
2024-11-17,SOUTHROHINI
2024-11-17,AMARCOLONY
2024-11-18,KASHMERIGATE
2024-11-18,MOTINAGAR
2024-11-17,MAHENDRAPARK
2024-10-25,JYOTINAGAR
2024-11-13,SAMAIPURBADLI
2024-11-19,KOTWALI
2024-11-17,RAJOURIGARDEN
2024-11-19,DARYAGANJ
2024-11-19,KRISHNANAGAR
2024-11-15,MANDIRMARG
2024-11-19,TILAKNAGAR
2024-11-19,MANGOLPURI
2024-11-19,DBGROAD
2024-11-19,PREETVIHAR
2024-11-17,PREETVIHAR
2024-11-19,VIKASPURI
2024-11-18,SEELAMPUR
2024-11-20,LAHORIGATE
2024-09-17,PASCHIMVIHARWEST
2024-11-20,PASCHIMVIHARWEST
2024-11-18,GTBENCLAVE
2024-11-19,DARYAGANJ
2024-11-15,DARYAGANJ
2024-11-19,SEEMAPURI
2024-11-21,RAJOURIGARDEN
2024-11-21,GTBENCLAVE
2024-09-26,GTBENCLAVE
2024-11-12,CIVILLINES
2024-11-20,GTBENCLAVE
2024-11-20,GTBENCLAVE
2024-11-22,SUBZIMANDI
2024-11-22,SUBZIMANDI
2024-11-20,SUBZIMANDI
2024-11-21,IPESTATE
2024-11-22,NABIKARIM
2024-11-21,RAJOURIGARDEN
2024-07-22,MANGOLPURI
2024-11-23,MANGOLPURI
2024-11-22,ANANDVIHARRLYSTN
2024-11-22,AMARCOLONY
2024-11-22,AMARCOLONY
2024-11-07,NABIKARIM
2024-11-22,KNKATJUMARG
2024-11-24,KOTWALI
2024-11-21,KOTWALI
2024-11-21,KOTWALI
2024-11-24,KASHMERIGATE
2024-11-15,SARAIROHILLA
2024-11-24,SUNLIGHTCOLONY
2024-11-11,SAFDARJUNGENCLAVE
2024-09-08,SAFDARJUNGENCLAVE
2024-05-27,SAFDARJUNGENCLAVE
2024-09-13,SAFDARJUNGENCLAVE
2024-11-22,MAHENDRAPARK
2024-11-25,MAHENDRAPARK
2024-11-18,KASHMERIGATE
2024-11-18,PAHARGANJ
2024-11-25,IPESTATE
2024-11-19,MAHENDRAPARK
2024-11-12,MAURYAENCLAVE
2024-11-14,KOTWALI
2024-11-25,PUNJABIBAGH
2024-11-08,KOTWALI
2024-11-25,SAKET
2024-10-25,CONNAUGHTPLACE
2024-11-03,DARYAGANJ
2024-11-17,KOTWALI
2024-11-27,KOTWALI
2024-11-27,KOTWALI
2024-11-27,KOTWALI
2024-11-13,SAFDARJUNGENCLAVE
2024-11-25,ANANDVIHARRLYSTN
2024-11-27,PALAMVILLAGE
2024-11-26,GTBENCLAVE
2024-11-27,MANGOLPURI
2024-11-27,GTBENCLAVE
2024-11-23,PAHARGANJ
2024-11-26,MAHENDRAPARK
2024-10-29,CHANDNIMAHAL
2024-10-12,KALKAJI
2024-10-04,SAFDARJUNGENCLAVE
2024-11-28,SUBZIMANDI
2024-11-22,KASHMERIGATE
2024-11-15,KASHMERIGATE
2024-11-20,GTBENCLAVE
2024-10-10,SAFDARJUNGENCLAVE
2024-11-28,SAFDARJUNGENCLAVE
2024-11-28,KOTWALI
2024-11-18,CHANKYAPURI
2024-12-01,PAHARGANJ
2024-12-01,KOTWALI
2024-11-30,MEHRAULI
2024-12-01,KASHMERIGATE
2024-12-02,SHASTRIPARK
2024-10-29,SADARBAZAR
2024-10-29,SADARBAZAR
2024-12-01,DBGROAD
2024-12-01,MUNDKA
2024-12-02,DBGROAD
2024-12-02,GTBENCLAVE
2024-11-30,SEEMAPURI
2024-12-03,LAHORIGATE
2024-12-03,BABAHARIDASNAGAR
2024-12-03,VASANTKUNJSOUTH
2024-06-02,ANANDVIHARRLYSTN
2024-12-02,VIVEKVIHAR
2024-12-03,PREMNAGAR
2024-12-02,MAHENDRAPARK
2024-12-04,SHAKARPUR
2024-11-10,PASCHIMVIHARWEST
2024-11-08,PASCHIMVIHARWEST
2024-12-02,SULTANPURI
2024-12-05,SULTANPURI
2024-12-05,KESHAVPURAM
2024-12-05,AMBEDKARNAGAR
2024-12-05,JAMAMASJID
2024-12-02,KOTWALI
2024-12-04,KISHANGARH
2024-12-02,KAMLAMARKET
2024-12-03,MAHENDRAPARK
2024-09-14,JAHANGIRPURI
2024-08-25,JAHANGIRPURI
2024-12-05,PREETVIHAR
2024-11-28,LAHORIGATE
2024-12-04,JAMAMASJID
2024-12-07,DARYAGANJ
2024-11-24,SUBHASHPLACE
2024-12-07,SUNLIGHTCOLONY
2024-12-07,SAMAIPURBADLI
2024-11-27,TILAKNAGAR
2024-12-07,CIVILLINES
2024-11-23,SUNLIGHTCOLONY
2024-11-29,IPESTATE
2024-11-10,SUNLIGHTCOLONY
2024-10-03,VASANTKUNJNORTH
2024-11-22,SULTANPURI
2024-12-03,DELHICANTT
2024-12-06,SARAIROHILLA
2024-12-05,NIHALVIHAR
2024-12-08,CONNAUGHTPLACE
2024-12-03,KASHMERIGATE
2024-12-03,DELHICANTT
2024-12-05,NIHALVIHAR
2024-12-08,JANAKPURI
2024-12-09,DELHICANTT
2024-11-20,PAHARGANJ
2024-11-27,PAHARGANJ
2024-12-04,PAHARGANJ
2024-12-07,PAHARGANJ
2024-12-09,CIVILLINES
2024-12-01,CIVILLINES
2024-12-11,MAHENDRAPARK
2024-12-11,KASHMERIGATE
2024-11-27,KASHMERIGATE
2024-12-11,DELHICANTT
2024-12-10,SHALIMARBAGH
2024-11-10,MANGOLPURI
2024-12-12,MANSAROVARPARK
2024-12-12,SARAIROHILLA
2024-12-12,SULTANPURI
2024-12-12,SULTANPURI
2024-12-12,SULTANPURI
2024-12-13,JAMAMASJID
2024-12-13,KOTWALI
2024-12-12,GTBENCLAVE
2024-12-13,KOTWALI
2024-12-13,KOTWALI
2024-12-13,AMANVIHAR
2024-12-08,NEWUSMANPUR
2024-12-12,PAHARGANJ
2024-12-05,PREMNAGAR
2024-08-17,BADARPUR
2024-11-11,GULABIBAGH
2024-12-13,HAUZQAZI
2024-12-13,KASHMERIGATE
2024-12-09,KASHMERIGATE
2024-12-13,PUNJABIBAGH
2024-12-14,KOTWALI
2024-12-13,ADARSHNAGAR
2024-12-05,SAFDARJUNGENCLAVE
2024-12-05,SAFDARJUNGENCLAVE
2024-12-05,SAFDARJUNGENCLAVE
2024-11-27,SAFDARJUNGENCLAVE
2024-03-14,HARINAGAR
2024-12-15,UTTAMNAGAR
2024-12-13,MAYAPURI
2024-12-03,HARINAGAR
2024-11-09,ANANDVIHARRLYSTN
2024-12-13,JAMAMASJID
2024-12-09,BARAHINDURAO
2024-12-13,MAYAPURI
2024-12-15,KNKATJUMARG
2024-12-16,VASANTKUNJNORTH
2024-12-16,VASANTKUNJNORTH
2024-12-14,BHARATNAGAR
2024-12-16,PATELNAGAR
2024-12-03,SEEMAPURI
2024-12-06,VASANTKUNJNORTH
2024-12-14,SARAIROHILLA
2024-12-05,NEWUSMANPUR
2024-12-11,NANDNAGRI
2024-12-17,VIJAYVIHAR
2024-11-22,ANANDVIHARRLYSTN
2024-12-08,CONNAUGHTPLACE
2024-10-06,WELCOME
2024-10-19,WELCOME
2024-04-04,WELCOME
2024-12-17,LAHORIGATE
2024-12-16,CIVILLINES
2024-12-15,VIKASPURI
2024-12-16,KASHMERIGATE
2024-12-15,KASHMERIGATE
2024-12-02,MAHENDRAPARK
2024-12-15,MAHENDRAPARK
2024-08-19,RANHOLA
2024-08-28,RANHOLA
2024-12-19,MAHENDRAPARK
2024-12-18,RAJPARK
2024-12-19,RAJINDERNAGAR
2024-12-16,KOTWALI
2024-12-07,KOTWALI
2024-12-18,KOTWALI
2024-12-19,DARYAGANJ
2024-10-25,ANANDVIHARRLYSTN
2024-11-26,ANANDVIHARRLYSTN
2024-11-17,SAFDARJUNGENCLAVE
2024-12-20,KOTWALI
2024-12-19,LODICOLONY
2024-12-20,LODICOLONY
2024-12-20,WELCOME
2024-12-16,KAPASHERA
2024-12-20,MAHENDRAPARK
2024-12-20,LAJPATNAGAR
2024-12-20,KOTWALI
2024-12-12,HAUZQAZI
2024-12-19,MANGOLPURI
2024-12-20,PREMNAGAR
2024-08-09,SAFDARJUNGENCLAVE
2024-09-14,SAFDARJUNGENCLAVE
2024-12-20,GTBENCLAVE
2024-12-19,LODICOLONY
2024-12-11,MAHENDRAPARK
2024-10-29,PUNJABIBAGH
2024-12-22,VIKASPURI
2024-12-21,WAZIRABAD
2024-12-22,LAHORIGATE
2024-12-20,CIVILLINES
2024-10-05,SUNLIGHTCOLONY
2024-12-20,TIMARPUR
2024-12-11,NANDNAGRI
2024-12-20,TIMARPUR
2024-12-23,LAHORIGATE
2024-12-23,SAMAIPURBADLI
2024-12-23,TILAKMARG
2024-12-22,SADARBAZAR
2024-12-21,JANAKPURI
2024-11-15,SOUTHROHINI
2024-12-11,JAFRABAD
2024-12-20,KOTWALI
2024-12-24,MAYURVIHARPHI
2024-12-07,SUNLIGHTCOLONY
2024-12-22,HARINAGAR
2024-12-09,PAHARGANJ
2024-10-04,SAFDARJUNGENCLAVE
2024-12-24,SAMAIPURBADLI
2024-12-23,NEWUSMANPUR
2024-12-25,RAJINDERNAGAR
2024-12-25,WELCOME
2024-12-20,KASHMERIGATE
2024-12-24,SAMAIPURBADLI
2024-12-26,JANAKPURI
2024-12-24,SARAIROHILLA
2024-12-23,KASHMERIGATE
2024-12-25,PARLIAMENTSTREET
2024-10-05,ANANDVIHARRLYSTN
2024-10-08,KESHAVPURAM
2024-08-28,RAJOURIGARDEN
2024-12-23,VIVEKVIHAR
2024-12-27,GULABIBAGH
2024-12-24,PAHARGANJ
2024-12-27,KOTWALI
2024-12-25,DABRI
2024-12-25,JYOTINAGAR
2024-12-27,JANAKPURI
2024-12-26,SAMAIPURBADLI
2024-11-25,PUNJABIBAGH
2024-12-26,TILAKNAGAR
2024-12-24,JAITPUR
2024-12-27,KASHMERIGATE
2024-12-27,PAHARGANJ
2024-12-25,NANGLOI
2024-12-28,BARAKHAMBAROAD
2024-12-23,LAHORIGATE
2024-11-24,MAYURVIHARPHI
2024-12-28,AMANVIHAR
2024-11-24,MAYURVIHARPHI
2024-11-24,MAYURVIHARPHI
2024-08-28,RANHOLA
2024-12-29,KAROLBAGH
2024-12-29,KOTWALI
2024-12-28,DBGROAD
2024-12-27,MANGOLPURI
2024-12-26,LAHORIGATE
2024-12-23,SHASTRIPARK
2024-12-30,LAHORIGATE
2024-12-30,KOTWALI
2024-12-28,KNKATJUMARG
2024-12-20,KAMLAMARKET
2024-12-24,PAHARGANJ
2024-12-23,TILAKMARG
2024-12-21,GTBENCLAVE
2024-12-31,DWARKASOUTH
2024-12-30,KASHMERIGATE
2024-12-16,KASHMERIGATE
2024-12-30,SAMAIPURBADLI
2024-09-29,FARSHBAZAR
2024-12-31,KOTWALI
2024-12-30,LAHORIGATE
2024-12-27,GULABIBAGH
2024-12-27,GULABIBAGH
2024-12-28,LAHORIGATE
2024-12-31,NEWUSMANPUR
2024-12-20,TIMARPUR
2024-12-20,TIMARPUR
2024-12-30,LAHORIGATE
2024-12-31,KRISHNANAGAR
2025-01-01,JAMAMASJID
2024-12-28,LAHORIGATE
2025-01-02,NORTHAVENUE
2025-01-02,SARAIROHILLA
2025-01-02,BARAHINDURAO
2025-01-02,SAMAIPURBADLI
2024-12-31,MODELTOWN
2024-12-31,DARYAGANJ
2024-12-28,NANGLOI
2024-12-31,MAURYAENCLAVE
2025-01-02,LAHORIGATE
2025-01-02,LAHORIGATE
2025-01-02,JYOTINAGAR
2024-12-31,JYOTINAGAR
2025-01-02,PAHARGANJ
2025-01-02,CIVILLINES
2024-07-30,SHAKARPUR
2025-01-02,KAMLAMARKET
2025-01-02,PAHARGANJ
2025-01-02,SUNLIGHTCOLONY
2025-01-02,PATPARGANJINDUSTRIALAREA
2025-01-03,NORTHAVENUE
2025-01-03,NAJAFGARH
2025-01-03,GTBENCLAVE
2025-01-02,IPESTATE
2025-01-01,JAMAMASJID
2024-12-11,KNKATJUMARG
2025-01-02,LAHORIGATE
2025-01-02,LAHORIGATE
2025-01-04,ALIPUR
2025-01-02,WELCOME
2024-08-12,HAUZKHAS
2024-08-12,HAUZKHAS
2024-08-12,HAUZKHAS
2025-01-04,SUBZIMANDI
2024-10-11,SAFDARJUNGENCLAVE
2025-01-05,SAFDARJUNGENCLAVE
2025-01-06,CIVILLINES
2025-01-06,KOTWALI
2025-01-06,HARINAGAR
2025-01-06,KESHAVPURAM
2025-01-06,HARINAGAR
2025-01-07,GTBENCLAVE
2025-01-03,KHAJURIKHAS
2024-12-17,GOVINDPURI
2025-01-06,SOUTHROHINI
2025-01-06,SOUTHROHINI
2025-01-05,NARAINA
2025-01-07,MOTINAGAR
2025-01-08,MAYURVIHARPHI
2025-01-08,SOROJININAGAR
2025-01-08,SAMAIPURBADLI
2025-01-08,AMBEDKARNAGAR
2025-01-06,KOTWALI
2025-01-09,BHARATNAGAR
2025-01-09,KOTWALI
2025-01-08,SARITAVIHAR
2025-01-07,RANJITNAGAR
2024-10-17,IPESTATE
2025-01-09,TUGHLAKROAD
2025-01-05,KASHMERIGATE
2025-01-06,VASANTKUNJNORTH
2025-01-10,MAHENDRAPARK
2025-01-08,KASHMERIGATE
2025-01-06,KASHMERIGATE
2025-01-09,GTBENCLAVE
2025-01-11,GTBENCLAVE
2025-01-11,BAWANA
2025-01-11,BARAHINDURAO
2025-01-10,JANAKPURI
2025-01-10,ANANDVIHAR
2025-01-11,KNKATJUMARG
2025-01-11,PULPRAHLADPUR
2025-01-12,LODICOLONY
2024-12-29,GOVINDPURI
2025-01-12,IPESTATE
2025-01-12,IPESTATE
2025-01-11,BAWANA
2025-01-03,IPESTATE
2025-01-10,KOTWALI
2025-01-09,KOTWALI
2025-01-13,VASANTKUNJSOUTH
2025-01-12,KALANDIKUNJ
2025-01-06,DWARKASOUTH
2025-01-12,LODICOLONY
2025-01-14,GULABIBAGH
2025-01-13,WELCOME
2025-01-15,VASANTKUNJNORTH
2025-01-15,KNKATJUMARG
2025-01-15,BADARPUR
2025-01-13,MANGOLPURI
2025-01-15,MOTINAGAR
2025-01-14,KOTWALI
2025-01-13,JAHANGIRPURI
2025-01-16,PALAMVILLAGE
2025-01-14,GHAZIPUR
2025-01-16,KOTWALI
2025-01-16,KAPASHERA
2025-01-16,KAPASHERA
2025-01-16,SAMAIPURBADLI
2025-01-16,MUKHERJEENAGAR
2025-01-15,VASANTKUNJSOUTH
2025-01-14,BEGUMPUR
2025-01-15,DARYAGANJ
2025-01-13,KHAJURIKHAS
2025-01-08,MANSAROVARPARK
2025-01-16,PALAMVILLAGE
2025-01-02,SEEMAPURI
2025-01-11,TILAKMARG
2025-01-02,WELCOME
2025-01-15,ALIPUR
2025-01-16,ALIPUR
2025-01-16,GULABIBAGH
2025-01-17,CIVILLINES
2025-01-16,HARSHVIHAR
2025-01-16,KASHMERIGATE
2025-01-16,KASHMERIGATE
2025-01-12,KASHMERIGATE
2025-01-13,KASHMERIGATE
2025-01-17,MANDIRMARG
2025-01-16,MANDIRMARG
2024-12-04,DELHICANTT
2025-01-17,SAFDARJUNGENCLAVE
2025-01-17,JAHANGIRPURI
2025-01-18,NEWASHOKNAGAR
2025-01-18,MODELTOWN
2025-01-14,DARYAGANJ
2025-01-17,DARYAGANJ
2025-01-05,SAFDARJUNGENCLAVE
2024-11-28,SAFDARJUNGENCLAVE
2025-01-19,SEELAMPUR
2025-01-19,TIMARPUR
2025-01-12,KASHMERIGATE
2025-01-19,KOTWALI
2025-01-16,DELHICANTT
2025-01-11,BARAHINDURAO
2025-01-12,BARAHINDURAO
2025-01-16,SUBZIMANDI
2025-01-03,SUBZIMANDI
2025-01-16,HARINAGAR
2025-01-19,KOTWALI
2025-01-19,TIMARPUR
2025-01-18,NORTHROHINI
2025-01-21,VASANTKUNJSOUTH
2025-01-21,HARINAGAR
2025-01-20,ANANDVIHARRLYSTN
2025-01-21,KAPASHERA
2025-01-21,KAPASHERA
2025-01-21,CIVILLINES
2025-01-16,WELCOME
2025-01-22,PATPARGANJINDUSTRIALAREA
2025-01-19,SHALIMARBAGH
2025-01-22,KAMLAMARKET
2025-01-22,KAMLAMARKET
2025-01-20,KAMLAMARKET
2025-01-20,KARAWALNAGAR
2025-01-22,TILAKMARG
2025-01-22,PANDAVNAGAR
2025-01-06,CIVILLINES
2025-01-23,ANANDVIHARRLYSTN
2025-01-15,PARLIAMENTSTREET
2025-01-16,KOTWALI
2025-01-23,KASHMERIGATE
2025-01-18,PAHARGANJ
2025-01-22,DBGROAD
2025-01-24,DBGROAD
2025-01-10,HARINAGAR
2025-01-16,KAPASHERA
2025-01-23,NABIKARIM
2025-01-25,SADARBAZAR
2025-01-24,NIHALVIHAR
2025-01-24,ANANDVIHARRLYSTN
2025-01-21,CIVILLINES
2025-01-24,SADARBAZAR
2025-01-21,KAPASHERA
2025-01-26,GHAZIPUR
2025-01-25,IPESTATE
2024-12-27,MUNDKA
2025-01-25,SHALIMARBAGH
2025-01-24,NANGLOI
2025-01-27,SUBZIMANDI
2024-12-27,PATELNAGAR
2024-12-26,SULTANPURI
2025-01-26,PREMNAGAR
2025-01-25,IPESTATE
2025-01-26,PALAMVILLAGE
2025-01-27,KASHMERIGATE
2025-01-17,KASHMERIGATE
2025-01-20,KASHMERIGATE
2025-01-26,GOVINDPURI
2025-01-28,RAJOURIGARDEN
2025-01-19,PANDAVNAGAR
2025-01-28,RAJOURIGARDEN
2025-01-28,SEELAMPUR
2025-01-17,PRASHANTVIHAR
2025-01-27,SULTANPURI
2025-01-28,NEWUSMANPUR
2025-01-24,SUBHASHPLACE
2025-01-27,WELCOME
2025-01-29,CIVILLINES
2025-01-24,CIVILLINES
2025-01-29,DARYAGANJ
2025-01-20,RAJOURIGARDEN
2025-01-29,KASHMERIGATE
2025-01-30,CHHAWALA
2025-01-13,SUNLIGHTCOLONY
2025-01-20,KARAWALNAGAR
2025-01-22,PANDAVNAGAR
2025-01-25,BHALSWADIARY
2025-01-10,KHAJURIKHAS
2025-01-31,PALAMVILLAGE
2025-01-13,SHALIMARBAGH
2025-01-15,SHALIMARBAGH
2025-01-30,PATPARGANJINDUSTRIALAREA
2025-01-21,HARINAGAR
2025-02-01,JAMAMASJID
2025-02-01,KOTWALI
2025-01-29,NANDNAGRI
2025-02-01,SUNLIGHTCOLONY
2025-02-02,MANDIRMARG
2025-02-01,JAMAMASJID
2025-02-03,KALYANPURI
2025-02-02,WAZIRABAD
2025-02-01,UTTAMNAGAR
2025-01-31,PREMNAGAR
2025-02-03,ROOPNAGAR
2025-01-30,KOTWALI
2025-01-30,KOTWALI
2025-01-30,KOTWALI
2025-02-03,KOTWALI
2025-02-02,TIMARPUR
2025-02-02,TIMARPUR
2025-02-03,KOTWALI
2025-02-02,ANANDVIHARRLYSTN
2025-02-03,KASHMERIGATE
2025-02-03,KASHMERIGATE
2025-01-28,KASHMERIGATE
2025-01-25,KASHMERIGATE
2025-02-02,BAWANA
2025-01-21,NIHALVIHAR
2025-02-01,IPESTATE
2025-02-04,DARYAGANJ
2025-02-02,KASHMERIGATE
2025-02-02,KASHMERIGATE
2025-02-04,LAHORIGATE
2025-02-04,LAHORIGATE
2025-02-01,IPESTATE
2025-02-04,DARYAGANJ
2025-02-04,KOTWALI
2025-02-04,MODELTOWN
2025-01-27,MAHENDRAPARK
2025-02-03,MANSAROVARPARK
2025-02-05,KNKATJUMARG
2025-01-26,MAHENDRAPARK
2025-01-26,MAHENDRAPARK
2025-02-05,KNKATJUMARG
2025-02-03,SAMAIPURBADLI
2025-02-02,BHAJANPURA
2025-02-06,JANAKPURI
2025-02-06,KOTWALI
2025-02-06,ADARSHNAGAR
2025-02-03,SAMAIPURBADLI
2025-02-02,TIMARPUR
2025-02-02,TIMARPUR
2025-02-08,MAHENDRAPARK
2025-02-05,ADARSHNAGAR
2025-02-08,HARSHVIHAR
2025-02-08,SAMAIPURBADLI
2025-02-07,WELCOME
2025-02-08,CONNAUGHTPLACE
2025-02-04,ALIPUR
2025-01-06,VASANTKUNJNORTH
2025-02-09,CIVILLINES
2025-02-09,BARAHINDURAO
2025-02-01,KOTWALI
2025-02-09,KASHMERIGATE
2025-02-07,BAWANA
2025-02-09,GULABIBAGH
2025-02-10,KOTWALI
2025-02-01,SAMAIPURBADLI
2025-02-10,MODELTOWN
2025-02-07,FATEHPURBERI
2025-02-06,FATEHPURBERI
2025-02-08,KASHMERIGATE
2025-02-11,KASHMERIGATE
2025-02-07,ADARSHNAGAR
2025-01-12,IPESTATE
2025-02-12,JAMAMASJID
2025-02-12,ANANDVIHARRLYSTN
2025-02-12,CIVILLINES
2025-02-12,CIVILLINES
2025-01-20,ANANDVIHARRLYSTN
2025-01-24,ANANDVIHARRLYSTN
2025-01-24,ANANDVIHARRLYSTN
2025-01-23,ANANDVIHARRLYSTN
2025-02-02,ANANDVIHARRLYSTN
2025-02-12,KAMLAMARKET
2025-02-12,KAMLAMARKET
2025-02-07,SEELAMPUR
2025-01-16,SUNLIGHTCOLONY
2025-02-12,SUBZIMANDI
2025-02-13,FATEHPURBERI
2025-01-25,IPESTATE
2025-01-25,IPESTATE
2025-02-12,NAJAFGARH
2025-01-14,MANGOLPURI
2025-01-30,MANGOLPURI
2025-02-14,KALYANPURI
2025-02-14,SULTANPURI
2024-12-24,SULTANPURI
2025-02-13,MAYAPURI
2025-02-14,DWARKASOUTH
2025-02-12,JAMAMASJID
2025-02-13,MAYAPURI
2025-01-29,NANDNAGRI
2025-02-15,KHAJURIKHAS
2025-02-15,NARELA
2025-02-15,JYOTINAGAR
2025-02-12,SUNLIGHTCOLONY
2025-02-15,SARITAVIHAR
2025-02-16,KOTWALI
2025-02-14,LAJPATNAGAR
2025-02-17,SUBZIMANDI
2025-02-17,KAMLAMARKET
2025-02-17,KOTWALI
2025-02-08,MAHENDRAPARK
2025-02-17,CONNAUGHTPLACE
2025-02-10,SAFDARJUNGENCLAVE
2025-02-17,GANDHINAGAR
2025-02-08,CONNAUGHTPLACE
2025-02-17,CONNAUGHTPLACE
2025-02-19,ANANDPARBAT
2025-01-27,SOUTHCAMPUS
2025-02-18,MAYAPURI
2025-01-12,RAJOURIGARDEN
2025-02-19,MANGOLPURI
2025-02-19,GTBENCLAVE
2025-02-19,SAMAIPURBADLI
2025-02-18,KRISHNANAGAR
2025-02-17,DBGROAD
2025-02-20,MODELTOWN
2025-02-20,MUNDKA
2025-02-17,TUGHLAKROAD
2025-02-20,MOTINAGAR
2025-01-28,GTBENCLAVE
2025-01-15,GTBENCLAVE
2025-02-20,CONNAUGHTPLACE
2025-02-19,GTBENCLAVE
2025-02-18,MAYAPURI
2025-02-22,NEWUSMANPUR
2025-02-22,NEWUSMANPUR
2025-02-15,JAMAMASJID
2025-02-22,TILAKMARG
2025-02-19,MANGOLPURI
2025-02-23,SOROJININAGAR
2025-02-22,LAHORIGATE
2025-02-22,DELHICANTT
2025-02-22,BAWANA
2025-02-23,DARYAGANJ
2025-02-02,SAGARPUR
2025-02-04,PATPARGANJINDUSTRIALAREA
2025-01-30,DABRI
2025-02-21,JAMAMASJID
2025-02-23,NABIKARIM
2025-02-21,KASHMERIGATE
2025-02-17,KASHMERIGATE
2025-02-17,KASHMERIGATE
2025-02-17,KASHMERIGATE
2024-08-27,TUGHLAKROAD
2025-02-24,NEWFRIENDSCOLONY
2025-02-25,WELCOME
2025-02-04,HAUZKHAS
2025-02-04,HAUZKHAS
2025-02-23,SUNLIGHTCOLONY
2025-02-26,BARAHINDURAO
2025-02-24,DBGROAD
2025-02-25,KOTWALI
2025-02-26,KOTWALI
2025-02-26,PASCHIMVIHARWEST
2025-02-26,AMBEDKARNAGAR
2025-02-27,SUBHASHPLACE
2025-02-26,ANANDVIHARRLYSTN
2025-02-27,JANAKPURI
2025-02-26,JANAKPURI
2025-02-21,KASHMERIGATE
2025-02-20,CONNAUGHTPLACE
2025-02-12,MAHENDRAPARK
2025-02-27,BADARPUR
2025-02-28,IGIAIRPORTMETRO
2025-02-27,PARLIAMENTSTREET
2025-02-26,GOVINDPURI
2025-01-28,KARAWALNAGAR
2025-01-28,KARAWALNAGAR
2025-02-17,GANDHINAGAR
2025-03-01,KHAJURIKHAS
2025-03-01,KHAJURIKHAS
2025-03-01,KHAJURIKHAS
2025-03-02,SWARUPNAGAR
2025-02-28,MAHENDRAPARK
2025-03-01,KAROLBAGH
2025-03-01,KOTWALI
2025-02-25,CIVILLINES
2025-02-25,CIVILLINES
2025-03-03,JAMAMASJID
2025-03-02,IGIAIRPORT
2025-03-01,SAMAIPURBADLI
2025-03-03,HARINAGAR
2025-02-20,DELHICANTT
2025-03-03,JAMAMASJID
2025-03-03,GTBENCLAVE
2025-03-04,SAMAIPURBADLI
2025-03-01,SAMAIPURBADLI
2025-03-01,SAMAIPURBADLI
2025-03-04,NAJAFGARH
2025-03-05,NEBSARAI
2025-03-04,LAHORIGATE
2025-02-25,HARSHVIHAR
2025-03-06,DARYAGANJ
2025-03-06,JAHANGIRPURI
2025-03-03,OKHLAINDUSTRIALAREA
2025-03-04,NIHALVIHAR
2025-03-06,MADHUVIHAR
2025-02-22,NEWUSMANPUR
2025-02-22,NEWUSMANPUR
2025-03-03,DBGROAD
2025-03-03,DBGROAD
2025-03-07,BABAHARIDASNAGAR
2025-02-07,KHAJURIKHAS
2025-03-08,DBGROAD
2025-03-08,LAHORIGATE
2025-03-05,VASANTKUNJNORTH
2025-03-06,AMARCOLONY
2025-03-07,ASHOKVIHAR
2025-03-06,AMARCOLONY
2025-03-06,DARYAGANJ
2025-03-06,KAMLAMARKET
2025-03-08,KAMLAMARKET
2025-03-08,KAMLAMARKET
2025-03-07,TUGHLAKROAD
2025-03-09,MANGOLPURI
2025-03-09,KOTWALI
2025-03-09,KOTWALI
2025-03-06,KALYANPURI
2025-03-04,JAMAMASJID
2025-03-03,JAMAMASJID
2025-03-03,KNKATJUMARG
2025-03-10,SADARBAZAR
2025-03-08,KASHMERIGATE
2025-03-09,MANDIRMARG
2025-03-09,MUNDKA
2025-03-09,NARAINA
2025-02-28,PATPARGANJINDUSTRIALAREA
2025-03-02,KASHMERIGATE
2025-03-01,KASHMERIGATE
2025-02-19,KASHMERIGATE
2025-03-10,KOTWALI
2025-03-10,KOTWALI
2025-03-10,CIVILLINES
2025-02-18,KAMLAMARKET
2025-02-18,KAMLAMARKET
2025-03-07,HAUZKHAS
2025-03-12,PATPARGANJINDUSTRIALAREA
2025-03-12,AMBEDKARNAGAR
2025-03-10,KALANDIKUNJ
2025-01-08,DEFENCECOLONY
2025-03-07,KAMLAMARKET
2025-03-13,KOTWALI
2025-03-09,JYOTINAGAR
2025-03-14,MAHENDRAPARK
2025-03-15,MUKHERJEENAGAR
2025-03-13,KESHAVPURAM
2025-03-15,CIVILLINES
2025-03-14,GTBENCLAVE
2025-03-15,TIMARPUR
2025-03-10,OKHLAINDUSTRIALAREA
2025-03-15,VASANTKUNJSOUTH
2025-02-27,ANANDVIHAR
2025-03-16,KALKAJI
2025-03-15,CHHAWALA
2025-03-15,SARAIROHILLA
2025-03-16,PAHARGANJ
2025-03-16,KOTWALI
2025-03-16,LAXMINAGAR
2025-03-15,KOTWALI
2025-01-29,DARYAGANJ
2025-03-13,NABIKARIM
2025-03-03,NABIKARIM
2025-02-07,NABIKARIM
2025-03-17,SAFDARJUNGENCLAVE
2025-03-16,ANANDVIHARRLYSTN
2025-03-16,ALIPUR
2025-03-17,TIMARPUR
2025-03-17,CHHAWALA
2025-03-14,HARINAGAR
2025-03-13,HAUZKHAS
2025-03-12,TILAKMARG
2025-03-10,BAWANA
2025-03-16,BHARATNAGAR
2025-03-17,MANDIRMARG
2025-03-18,KOTWALI
2025-03-17,AMARCOLONY
2025-03-07,SADARBAZAR
2025-03-17,SAFDARJUNGENCLAVE
2025-03-16,VIVEKVIHAR
2025-03-17,AMARCOLONY
2025-03-14,KAMLAMARKET
2025-03-15,CIVILLINES
2025-03-20,HARINAGAR
2025-03-18,KAMLAMARKET
2025-03-11,HARSHVIHAR
2025-03-11,HARSHVIHAR
2025-04-01,DELHICANTT
2025-03-25,KAMLAMARKET
2025-03-26,TILAKMARG
2025-03-19,ROOPNAGAR
2025-03-26,SAFDARJUNGENCLAVE
2025-03-26,PRASADNAGAR
2025-01-26,SULTANPURI
2025-03-25,PASCHIMVIHARWEST
2025-03-06,PASCHIMVIHARWEST
2025-03-20,KALYANPURI
2025-03-26,JAHANGIRPURI
2025-03-24,BAWANA
2025-03-26,KASHMERIGATE
2025-03-22,KASHMERIGATE
2025-03-19,KASHMERIGATE
2025-03-25,KOTWALI
2025-03-18,KASHMERIGATE
2025-03-25,IGIAIRPORTMETRO
2025-03-07,KASHMERIGATE
2025-03-15,KASHMERIGATE
2025-03-27,SULTANPURI
2025-03-21,KNKATJUMARG
2025-03-22,DBGROAD
2025-03-27,MUNDKA
2025-03-22,PUNJABIBAGH
2025-03-24,SAMAIPURBADLI
2025-01-03,NAJAFGARH
2025-03-19,KALANDIKUNJ
2025-03-23,FATEHPURBERI
2025-03-23,SHALIMARBAGH
2025-03-28,PATPARGANJINDUSTRIALAREA
2025-03-19,GULABIBAGH
2025-03-27,RAJINDERNAGAR
2025-03-27,GTBENCLAVE
2025-03-29,MANDIRMARG
2025-03-28,KOTWALI
2025-03-27,KOTWALI
2025-03-29,JAMIANAGAR
2025-03-28,ANANDVIHARRLYSTN
2025-02-06,DABRI
2025-03-28,NABIKARIM
2025-03-28,SARAIROHILLA
2025-03-19,NARELA
2025-03-26,PUNJABIBAGH
2025-03-30,CONNAUGHTPLACE
2025-03-29,GANDHINAGAR
2025-03-30,KOTWALI
2025-03-31,SUBHASHPLACE
2025-03-31,KAMLAMARKET
2025-03-30,CONNAUGHTPLACE
2025-03-31,GHAZIPUR
2025-04-01,SULTANPURI
2025-01-17,PARLIAMENTSTREET
2025-03-16,ANANDVIHARRLYSTN
2025-04-01,NANGLOI
2025-03-20,SHAHBADDIARY
2025-04-01,DABRI
2025-04-02,GULABIBAGH
2025-04-02,LAHORIGATE
2025-04-03,GTBENCLAVE
2025-03-30,SAFDARJUNGENCLAVE
2025-03-01,KASHMERIGATE
2025-04-02,RANIBAGH
2025-04-04,RAJPARK
2025-03-22,BHALSWADIARY
2025-04-03,SOROJININAGAR
2025-04-04,NORTHAVENUE
2025-03-29,NANGLOI
2025-04-05,AMARCOLONY
2025-04-05,PAHARGANJ
2025-04-05,CIVILLINES
2025-04-06,CIVILLINES
2025-04-03,SAFDARJUNGENCLAVE
2025-04-01,OKHLAINDUSTRIALAREA
2025-04-05,AMARCOLONY
2025-04-06,NORTHAVENUE
2025-04-07,SULTANPURI
2025-04-04,SULTANPURI
2025-04-06,SAFDARJUNGENCLAVE
2025-04-03,KOTWALI
2025-04-07,SUNLIGHTCOLONY
2025-04-05,LAHORIGATE
2025-03-31,LAHORIGATE
2025-04-07,ANANDVIHAR
2025-04-07,SHASTRIPARK
2025-04-07,CIVILLINES
2025-04-08,BARAHINDURAO
2025-04-08,MODELTOWN
2025-04-08,MUKHERJEENAGAR
2025-04-09,KASHMERIGATE
2025-04-04,KASHMERIGATE
2025-04-08,KASHMERIGATE
2025-04-08,SAFDARJUNGENCLAVE
2025-04-04,KASHMERIGATE
2025-04-03,KASHMERIGATE
2025-04-02,KASHMERIGATE
2025-04-09,KASHMERIGATE
2025-03-03,KASHMERIGATE
2025-03-11,NANGLOI
2025-04-09,KASHMERIGATE
2025-04-09,KASHMERIGATE
2025-04-03,KASHMERIGATE
2025-04-09,BHARATNAGAR
2025-04-10,KOTWALI
2025-04-09,BARAHINDURAO
2025-04-07,SONIAVIHAR
2025-03-21,IPESTATE
2025-04-01,PASCHIMVIHARWEST
2025-01-21,OKHLAINDUSTRIALAREA
2025-03-15,LAHORIGATE
2025-03-20,LAHORIGATE
2025-04-12,LAHORIGATE
2025-04-12,BHAJANPURA
2025-03-12,KASHMERIGATE
2025-03-29,KOTWALI
2025-04-10,MAHENDRAPARK
2025-04-05,MAHENDRAPARK
2025-02-05,PUNJABIBAGH
2025-04-13,KNKATJUMARG
2025-03-21,KNKATJUMARG
2025-04-14,ANANDVIHARRLYSTN
2025-04-14,SARITAVIHAR
2025-04-14,MUNDKA
2025-04-14,SUBHASHPLACE
2025-03-31,WELCOME
2025-04-13,MUKHERJEENAGAR
2025-04-08,ANANDVIHAR
2025-04-15,NARAINA
2025-04-10,DARYAGANJ
2025-04-16,NANGLOI
2025-04-15,KOTWALI
2025-04-10,DARYAGANJ
2025-04-15,SUBZIMANDI
2025-04-17,KAMLAMARKET
2025-04-14,GTBENCLAVE
2025-04-13,GTBENCLAVE
2025-04-16,KOTWALI
2025-04-17,PATPARGANJINDUSTRIALAREA
2025-04-18,NEWUSMANPUR
2025-03-10,SAMAIPURBADLI
2025-04-17,KALANDIKUNJ
2025-04-20,KOTWALI
2025-04-20,DARYAGANJ
2025-04-20,AMARCOLONY
2025-04-20,RAJINDERNAGAR
2025-04-13,JAMIANAGAR
2025-04-19,HARINAGAR
2025-04-20,AMARCOLONY
2025-04-21,LAHORIGATE
2025-04-19,MANDIRMARG
2025-04-21,MAYAPURI
2025-03-05,SUBZIMANDI
2025-04-21,KISHANGARH
2025-04-20,NEWFRIENDSCOLONY
2025-04-19,CIVILLINES
2025-04-17,CIVILLINES
2025-03-25,BAWANA
2025-04-20,DARYAGANJ
2025-04-21,MAYAPURI
2025-04-15,BINDAPUR
2025-04-14,BINDAPUR
2025-04-22,BINDAPUR
2025-04-22,LAHORIGATE
2025-04-22,GTBENCLAVE
2025-04-22,ANANDVIHARRLYSTN
2025-03-25,BAWANA
2025-04-18,KHYALA
2025-04-21,GTBENCLAVE
2025-04-23,KALKAJI
2025-04-23,SHASTRIPARK
2025-04-21,KASHMERIGATE
2025-04-23,KASHMERIGATE
2025-04-15,KASHMERIGATE
2025-04-15,BAWANA
2025-04-22,BAWANA
2025-04-24,KOTWALI
2025-04-20,SUBZIMANDI
2025-04-22,SAFDARJUNGENCLAVE
2025-04-25,WELCOME
2025-04-21,CIVILLINES
2025-04-25,KOTWALI
2025-04-25,NAJAFGARH
2025-04-19,SULTANPURI
2025-04-24,VIVEKVIHAR
2025-04-21,KNKATJUMARG
2025-04-25,MOTINAGAR
2025-02-06,MANGOLPURI
2025-04-26,KOTWALI
2025-04-26,ANANDVIHARRLYSTN
2025-04-26,HARSHVIHAR
2025-04-26,PATPARGANJINDUSTRIALAREA
2025-04-25,GOVINDPURI
2025-04-26,SUNLIGHTCOLONY
2025-04-26,LAHORIGATE
2025-04-27,DABRI
2025-04-27,SAFDARJUNGENCLAVE
2025-04-26,KASHMERIGATE
2025-04-28,DARYAGANJ
2025-04-27,MOTINAGAR
2025-04-28,PATPARGANJINDUSTRIALAREA
2025-04-22,PREETVIHAR
2025-04-27,MUKHERJEENAGAR
2025-04-26,PANDAVNAGAR
2025-04-28,LAHORIGATE
2025-04-22,GTBENCLAVE
2025-04-27,KASHMERIGATE
2025-04-24,KASHMERIGATE
2025-04-28,KOTWALI
2025-04-28,PASCHIMVIHAREAST
2025-04-26,LAHORIGATE
2024-11-01,DELHICANTT
2025-04-29,MANGOLPURI
2025-04-27,KASHMERIGATE
2025-04-24,KASHMERIGATE
2025-04-28,SUBHASHPLACE
2025-04-17,BAWANA
2025-04-28,TIMARPUR
2025-04-29,KALYANPURI
2025-04-28,NORTHAVENUE
2025-05-01,KHAJURIKHAS
2025-04-30,CIVILLINES
2025-05-01,KNKATJUMARG
2025-04-30,BURARI
2025-04-24,WAZIRABAD
2025-03-21,SUBZIMANDI
2025-03-23,SUBZIMANDI
2025-05-01,GTBENCLAVE
2025-04-22,NABIKARIM
2025-05-01,LAHORIGATE
2025-04-30,KOTWALI
2025-04-30,KOTWALI
2025-05-02,LODICOLONY
2025-05-02,HARINAGAR
2025-05-02,HARINAGAR
2025-04-30,HARINAGAR
2025-05-02,KOTWALI
2025-01-16,GULABIBAGH
2025-05-02,SUBZIMANDI
2025-05-03,PRASHANTVIHAR
2025-04-28,DARYAGANJ
2025-04-13,JAMIANAGAR
2025-05-03,NABIKARIM
2025-05-05,CONNAUGHTPLACE
2025-05-06,AMANVIHAR
2025-05-06,AMANVIHAR
2025-04-22,ANANDVIHARRLYSTN
2025-04-23,ANANDVIHARRLYSTN
2025-04-14,ANANDVIHARRLYSTN
2025-05-04,ANANDVIHARRLYSTN
2025-04-16,KAMLAMARKET
2025-04-18,KAMLAMARKET
2025-05-06,NABIKARIM
2025-04-30,HARINAGAR
2025-05-02,HARSHVIHAR
2025-05-03,INDERPURI
2025-04-19,KNKATJUMARG
2025-03-16,ANANDVIHARRLYSTN
2025-03-20,ANANDVIHARRLYSTN
2025-04-17,KAMLAMARKET
2025-04-18,KAMLAMARKET
2025-05-10,KAMLAMARKET
2025-05-02,MANDIRMARG
2025-05-02,MANDIRMARG
2025-05-10,MANSAROVARPARK
2025-05-05,GULABIBAGH
2025-05-09,KALANDIKUNJ
2025-05-09,MANDIRMARG
2025-05-10,DARYAGANJ
2025-05-10,SAFDARJUNGENCLAVE
2025-04-18,BINDAPUR
2025-05-16,KHYALA
2025-05-16,TILAKMARG
2025-05-10,DARYAGANJ
2025-05-10,DARYAGANJ
2025-05-07,PUNJABIBAGH
2025-05-14,SHASTRIPARK
2025-04-08,BINDAPUR
2025-05-01,KNKATJUMARG
2025-04-23,KNKATJUMARG
2025-05-04,CONNAUGHTPLACE
2025-05-03,PRASHANTVIHAR
2025-05-17,SADARBAZAR
2025-05-11,SARITAVIHAR
2025-05-08,BHALSWADIARY
2025-05-12,MANGOLPURI
2025-05-21,MANGOLPURI
2025-05-19,PASCHIMVIHAREAST
2025-05-11,SARAIROHILLA
2025-05-15,AMBEDKARNAGAR
2025-05-21,KALYANPURI
2025-05-11,ASHOKVIHAR
2025-05-22,BAWANA
2025-05-21,HAUZQAZI
2025-05-22,KNKATJUMARG
2025-04-24,KAMLAMARKET
2025-05-22,KAMLAMARKET
2025-05-24,KOTWALI
2025-05-23,KOTWALI
2025-05-13,CIVILLINES
2025-04-30,CIVILLINES
2025-04-30,CIVILLINES
2025-04-19,CIVILLINES
2025-05-20,DABRI
2025-05-21,PAHARGANJ
2025-05-22,SHASTRIPARK
2025-05-21,MANGOLPURI
2025-05-08,GTBENCLAVE
2025-05-21,KALANDIKUNJ
2025-05-25,FARSHBAZAR
2025-05-25,IPESTATE
2025-05-27,SHASTRIPARK
2025-05-21,GTBENCLAVE
2025-05-22,KRISHNANAGAR
2025-05-27,DARYAGANJ
2025-05-15,IPESTATE
2025-05-15,KHYALA
2025-05-28,BHALSWADIARY
2025-05-25,BURARI
2025-05-15,SUNLIGHTCOLONY
2025-05-15,SUNLIGHTCOLONY
2025-05-24,MODELTOWN
2025-05-24,MODELTOWN
2025-05-24,MODELTOWN
2025-05-24,MODELTOWN
2025-05-24,MODELTOWN
2025-05-24,MODELTOWN
2025-05-24,MODELTOWN
2025-05-24,MODELTOWN
2025-05-24,MODELTOWN
2025-05-24,MODELTOWN
2025-05-24,MODELTOWN
2025-05-24,MODELTOWN
2025-05-24,MODELTOWN
2025-05-24,MODELTOWN
2025-05-24,MODELTOWN
2025-05-24,MODELTOWN
2025-05-24,MODELTOWN
2025-05-24,MODELTOWN
2025-05-24,MODELTOWN
2025-05-24,MODELTOWN
2025-05-24,MODELTOWN
2025-05-24,MODELTOWN
2025-05-24,MODELTOWN
2025-05-24,MODELTOWN
2025-05-24,MODELTOWN
2025-05-27,PATPARGANJINDUSTRIALAREA
2025-05-09,PATPARGANJINDUSTRIALAREA
2025-05-09,PATPARGANJINDUSTRIALAREA
2025-05-29,NIHALVIHAR
2025-05-16,CIVILLINES
2025-05-11,CIVILLINES
2025-05-16,MAURICENAGAR
2025-05-07,DARYAGANJ
2025-05-05,GULABIBAGH
2025-05-29,BHALSWADIARY
2025-05-29,AMARCOLONY
2025-05-29,MUKHERJEENAGAR
2025-05-17,NEWUSMANPUR
2025-05-30,MANDIRMARG
2025-05-04,KASHMERIGATE
2025-05-24,KALYANPURI
2025-04-26,KASHMERIGATE
2025-05-29,PATPARGANJINDUSTRIALAREA
2025-05-22,NEWUSMANPUR
2025-05-20,SUBZIMANDI
2025-05-11,SUBZIMANDI
2025-05-10,SUBZIMANDI
2025-05-15,NIHALVIHAR
2025-05-29,MUKHERJEENAGAR
2025-05-29,AMARCOLONY
2025-05-29,DARYAGANJ
2025-05-30,NEWUSMANPUR
2025-05-29,SAMAIPURBADLI
2025-05-20,KARAWALNAGAR
2025-05-29,RAJOURIGARDEN
2025-05-28,NARAINA
2025-05-18,ANANDVIHAR
2024-08-19,SADARBAZAR
2025-06-01,KALYANPURI
2025-06-01,KALYANPURI
2025-05-29,LAHORIGATE
2025-05-29,BUDHVIHAR
2025-05-20,LAHORIGATE
2025-05-20,LAHORIGATE
2025-05-14,KHYALA
2025-05-31,NIHALVIHAR
2025-06-02,ALIPUR
2025-06-02,ALIPUR
2025-06-02,ALIPUR
2025-06-02,ALIPUR
2025-06-03,SAMAIPURBADLI
2025-05-25,BURARI
2025-05-29,BHAJANPURA
2025-06-04,BARAHINDURAO
2025-05-21,BARAHINDURAO
2025-05-11,RKPURAM
2024-10-14,NANGLOI
2024-10-14,NANGLOI
2025-05-04,MAHENDRAPARK
2025-06-02,NEWUSMANPUR
2025-06-02,NEWUSMANPUR
2025-05-24,KHAJURIKHAS
2025-05-15,DARYAGANJ
2025-05-19,KASHMERIGATE
2025-05-19,KASHMERIGATE
2025-05-17,KASHMERIGATE
2025-05-17,KASHMERIGATE
2025-05-14,KASHMERIGATE
2025-05-14,KASHMERIGATE
2025-05-13,KASHMERIGATE
2025-05-11,KASHMERIGATE
2025-05-05,KASHMERIGATE
2025-05-04,KASHMERIGATE
2025-04-26,KASHMERIGATE
2025-06-04,HARINAGAR
2025-05-19,KOTWALI
2025-06-05,KOTWALI
2025-06-01,MAHENDRAPARK
2025-06-04,IPESTATE
2025-06-03,KHAJURIKHAS
2025-05-20,LAHORIGATE
2025-05-26,LAHORIGATE
2025-06-05,PUNJABIBAGH
2025-06-05,PUNJABIBAGH
2025-06-06,SAFDARJUNGENCLAVE
2025-06-06,KOTWALI
2025-06-06,CIVILLINES
2025-06-01,MAHENDRAPARK
2025-05-31,MAHENDRAPARK
2025-05-28,MAHENDRAPARK
2025-05-24,TILAKNAGAR
2025-06-02,ALIPUR
2025-05-21,IPESTATE
2025-06-02,KOTWALI
2025-06-02,KOTWALI
2025-06-07,DARYAGANJ
2025-06-06,KAMLAMARKET
2025-05-14,JAHANGIRPURI
2025-05-27,DARYAGANJ
2025-06-08,BURARI
2025-06-08,LAHORIGATE
2025-05-18,CONNAUGHTPLACE
2025-06-07,DARYAGANJ
2025-05-04,MAHENDRAPARK
2025-06-09,DWARKASOUTH
2025-06-07,KAMLAMARKET
2025-06-08,MANGOLPURI
2025-06-08,JAHANGIRPURI
2025-06-09,ANANDVIHARRLYSTN
2025-06-09,SUBHASHPLACE
2025-06-07,BAWANA
2025-06-09,WELCOME
2025-06-10,MANDIRMARG
2025-06-10,MANDIRMARG
2025-06-10,MANDIRMARG
2025-06-10,MANDIRMARG
2025-05-02,BAWANA
2025-06-09,SAFDARJUNGENCLAVE
2025-06-10,LAHORIGATE
2025-06-10,LAHORIGATE
2025-06-10,LAHORIGATE
2025-06-08,LAHORIGATE
2025-06-04,DARYAGANJ
2025-06-09,MAHENDRAPARK
2025-06-10,BAWANA
2025-10-06,FATEHPURBERI
2025-06-10,DBGROAD
2025-06-10,DBGROAD
2025-11-06,NARELAINDUSTRIALAREA
2025-06-04,TIMARPUR
2025-06-10,JAMAMASJID
2025-06-05,GHAZIPUR
2025-06-09,SUBZIMANDI
2025-06-10,TIMARPUR
2025-06-10,MUNDKA
2025-06-09,MUNDKA
2025-05-27,VIJAYVIHAR
2025-05-12,VASANTKUNJNORTH
2025-06-11,KOTWALI
2025-06-12,GULABIBAGH
2025-06-09,CIVILLINES
2025-06-09,CIVILLINES
2025-06-09,CIVILLINES
2025-06-12,PATPARGANJINDUSTRIALAREA
2025-06-11,KASHMERIGATE
2025-06-11,DWARKASOUTH
2025-06-10,KASHMERIGATE
2025-06-10,PATELNAGAR
2025-06-10,JAMIANAGAR
2025-06-08,NEWUSMANPUR
2025-06-10,MADHUVIHAR
2025-05-06,CONNAUGHTPLACE
2025-06-12,GANDHINAGAR
2025-05-29,NIHALVIHAR
2025-06-09,KOTWALI
2025-06-12,KAMLAMARKET
2025-06-12,TILAKNAGAR
2025-06-11,KAMLAMARKET
2025-06-13,KAMLAMARKET
2025-06-09,GANDHINAGAR
2025-06-09,GANDHINAGAR
2025-05-21,KOTWALI
2025-06-12,KAMLAMARKET
2025-06-12,ROOPNAGAR
2025-06-12,ROOPNAGAR
2025-06-12,KISHANGARH
2025-06-12,MAHENDRAPARK
2025-06-12,MAHENDRAPARK
2025-06-09,MAHENDRAPARK
2025-06-13,NORTHAVENUE
2025-06-12,KRISHNANAGAR
2025-06-12,MAURICENAGAR
2025-06-12,SUBHASHPLACE
2025-06-02,SHAHBADDIARY
2025-06-12,RAJOURIGARDEN
2025-06-12,IPESTATE
2025-06-14,CIVILLINES
2025-06-14,SUBZIMANDI
2025-06-12,MAYAPURI
2025-06-14,BARAHINDURAO
2025-06-12,KESHAVPURAM
2025-06-11,DARYAGANJ
2025-06-11,DARYAGANJ
2025-06-13,SUBZIMANDI
2025-06-13,AMARCOLONY
2025-06-11,AMBEDKARNAGAR
2025-06-12,AMARCOLONY
2025-06-13,CIVILLINES
2025-06-12,AMARCOLONY
2025-06-13,AMARCOLONY
2025-06-03,DARYAGANJ
2025-06-10,JAMAMASJID
2025-05-30,MANGOLPURI
2025-06-12,MAYAPURI
2025-06-13,MAURICENAGAR
2025-05-10,MAURICENAGAR
2025-06-15,RAJPARK
2025-06-11,SAMAIPURBADLI
2025-06-07,SAMAIPURBADLI
2025-06-15,KOTWALI
2025-06-16,CONNAUGHTPLACE
2025-06-16,CONNAUGHTPLACE
2025-05-19,VASANTKUNJNORTH
2025-06-16,KASHMERIGATE
2025-06-15,KASHMERIGATE
2025-06-14,NANGLOI
2025-06-14,KASHMERIGATE
2025-06-14,KASHMERIGATE
2025-06-14,KASHMERIGATE
2025-06-13,KASHMERIGATE
2025-06-11,KASHMERIGATE
2025-06-09,KASHMERIGATE
2025-05-20,KASHMERIGATE
2025-05-12,KASHMERIGATE
2025-05-31,KASHMERIGATE
2025-05-24,KASHMERIGATE
2025-06-08,SUBZIMANDI
2025-06-14,LODICOLONY
2025-06-17,AMARCOLONY
2025-06-15,HAUZKHAS
2025-06-14,LODICOLONY
2025-06-15,KAROLBAGH
2025-06-14,NEWASHOKNAGAR
2025-06-14,GTBENCLAVE
2025-06-17,AMARCOLONY
2025-06-16,CONNAUGHTPLACE
2025-06-11,SOROJININAGAR
2025-06-15,MANGOLPURI
2025-06-14,MANGOLPURI
2025-06-17,BARAHINDURAO
2025-06-15,DARYAGANJ
2025-06-19,SHASTRIPARK
2025-05-25,NARELAINDUSTRIALAREA
2025-06-13,HAUZKHAS
2025-06-13,HAUZKHAS
2025-06-20,DARYAGANJ
2025-06-20,VASANTKUNJSOUTH
2025-06-19,KASHMERIGATE
2025-06-13,NIHALVIHAR
2025-06-18,PULPRAHLADPUR
2025-06-14,MANGOLPURI
2025-06-09,CIVILLINES
2025-06-11,NORTHROHINI
2025-06-13,FARSHBAZAR
2025-06-19,NABIKARIM
2025-06-15,LODICOLONY
2025-06-15,LODICOLONY
2025-06-13,PRASADNAGAR
2025-06-21,CIVILLINES
2025-06-11,NIHALVIHAR
2025-06-17,PRASADNAGAR
2025-06-09,GEETACOLONY
2025-06-15,LODICOLONY
2025-06-15,LODICOLONY
2025-06-19,KAPASHERA
2025-06-21,SAMAIPURBADLI
2025-06-13,LAJPATNAGAR
2025-06-23,KNKATJUMARG
2025-06-21,SAFDARJUNGENCLAVE
2025-06-15,PALAMVILLAGE
2025-06-12,KALKAJI
2025-04-22,SUBZIMANDI
2025-04-24,NEBSARAI
2025-06-21,TIMARPUR
2025-06-03,DWARKANORTH
2025-06-22,NABIKARIM
2025-06-23,NABIKARIM
2025-05-21,LODICOLONY
2025-06-24,GTBENCLAVE
2025-06-24,SAMAIPURBADLI
2025-06-12,LAJPATNAGAR
2025-06-12,LAJPATNAGAR
2025-06-12,LAJPATNAGAR
2025-06-12,LAJPATNAGAR
2025-06-12,LAJPATNAGAR
2025-06-12,LAJPATNAGAR
2025-06-12,LAJPATNAGAR
2025-06-24,GTBENCLAVE
2025-06-23,TIMARPUR
2025-06-03,DWARKANORTH
2025-06-18,IPESTATE
2025-06-20,KASHMERIGATE
2025-06-13,LAJPATNAGAR
2025-06-23,KASHMERIGATE
2025-06-23,KASHMERIGATE
2025-06-05,KALKAJI
2025-06-15,VASANTVIHAR
2025-04-08,NORTHROHINI
2025-06-24,MANDIRMARG
2025-06-24,SAFDARJUNGENCLAVE
2025-06-21,SAFDARJUNGENCLAVE
2025-06-17,KALKAJI
2025-06-15,SAFDARJUNGENCLAVE
2025-06-15,SAFDARJUNGENCLAVE
2025-06-25,NEWUSMANPUR
2025-06-05,MEHRAULI
2025-06-27,SHASTRIPARK
2025-06-24,CIVILLINES
2025-06-27,CIVILLINES
2025-06-20,DARYAGANJ
2025-06-20,DARYAGANJ
2025-06-11,DARYAGANJ
2025-06-26,PULPRAHLADPUR
2025-06-24,GHAZIPUR
2025-06-26,LAJPATNAGAR
2025-06-25,PAHARGANJ
2025-06-27,WAZIRABAD
2025-06-12,GANDHINAGAR
2025-06-28,GANDHINAGAR
2025-06-28,GANDHINAGAR
2025-06-24,ANANDVIHAR
2025-06-28,GANDHINAGAR
2025-06-27,KOTWALI
2025-06-21,SUBZIMANDI
2025-06-28,SARAIROHILLA
2025-06-30,MANDIRMARG
2025-05-15,NAJAFGARH
2025-06-11,VASANTKUNJNORTH
2025-06-17,FARSHBAZAR
2025-07-01,SAFDARJUNGENCLAVE
2025-07-01,SAMAIPURBADLI
2025-05-25,SULTANPURI
2025-06-29,SAMAIPURBADLI
2025-06-19,KAPASHERA
2025-07-02,SARITAVIHAR
2025-07-02,RAJOURIGARDEN
2025-06-26,WAZIRABAD
2025-06-27,SUBZIMANDI
2025-06-30,NAJAFGARH
2025-07-03,SAMAIPURBADLI
2025-07-01,NORTHROHINI
2025-07-04,SUBZIMANDI
2024-01-25,PARLIAMENTSTREET
2025-07-01,SARAIROHILLA
2025-07-03,MAHENDRAPARK
2025-06-23,KOTWALI
2025-06-24,KOTWALI
2025-06-28,NORTHROHINI
2025-07-04,TIMARPUR
2025-07-04,TIMARPUR
2025-07-04,TIMARPUR
2025-07-04,TIMARPUR
2025-07-03,MUNDKA
2025-07-03,CIVILLINES
2025-07-07,SAMAIPURBADLI
2025-07-06,ADARSHNAGAR
2025-06-26,KASHMERIGATE
2025-06-30,KASHMERIGATE
2025-07-06,NARELA
2025-07-05,DARYAGANJ
2025-07-06,NORTHAVENUE
2025-07-07,PANDAVNAGAR
2025-06-28,MANGOLPURI
2025-07-06,TILAKMARG
2025-06-04,BARAHINDURAO
2025-06-14,BARAHINDURAO
2025-06-17,BARAHINDURAO
2025-06-27,NEWUSMANPUR
2025-06-27,NEWUSMANPUR
2025-06-23,KNKATJUMARG
2025-06-16,MANGOLPURI
2025-06-16,MANGOLPURI
2025-06-16,MANGOLPURI
2025-05-21,BARAHINDURAO
2025-07-09,BAWANA
2025-06-12,KAMLAMARKET
2025-07-01,NEWASHOKNAGAR
2025-07-11,BARAHINDURAO
2025-07-13,SUBZIMANDI
2025-07-12,KOTWALI
2025-07-12,KOTWALI
2025-07-05,LAHORIGATE
2025-07-08,LAHORIGATE
2025-06-27,PASCHIMVIHARWEST
2025-06-26,SAFDARJUNGENCLAVE
2025-07-14,GTBENCLAVE
2025-05-04,GTBENCLAVE
2025-07-14,KASHMERIGATE
2025-07-14,KASHMERIGATE
2025-07-09,KASHMERIGATE
2025-07-09,KAROLBAGH
2025-07-15,SAFDARJUNGENCLAVE
2025-06-30,SUBZIMANDI
2025-07-11,BARAHINDURAO
2025-07-13,KASHMERIGATE
2025-06-12,KAMLAMARKET
2025-06-19,KAMLAMARKET
2025-07-14,KHAJURIKHAS
2025-07-11,DBGROAD
2025-07-15,KNKATJUMARG
2025-07-14,SUBZIMANDI
2025-07-03,SUBZIMANDI
2025-07-09,NEBSARAI
2025-04-14,SWARUPNAGAR
2025-07-13,NABIKARIM
2025-07-18,KOTWALI
2025-07-18,LAHORIGATE
2025-07-14,GTBENCLAVE
2025-07-16,SAFDARJUNGENCLAVE
2025-07-09,KALYANPURI
2025-07-13,ANANDVIHARRLYSTN
2025-07-15,NEWUSMANPUR
2025-07-14,NEWUSMANPUR
2025-06-13,KAMLAMARKET
2025-06-11,KAMLAMARKET
2025-06-14,KAMLAMARKET
2025-07-05,KAMLAMARKET
2025-07-16,MANGOLPURI
2025-07-18,MODELTOWN
2025-07-15,KALKAJI
2025-07-19,SUNLIGHTCOLONY
2025-07-15,SOROJININAGAR
2025-07-17,MADHUVIHAR
2025-07-19,KOTWALI
2025-07-17,MADHUVIHAR
2025-07-20,CONNAUGHTPLACE
2025-07-18,ADARSHNAGAR
2025-07-14,GTBENCLAVE
2025-07-21,SARAIROHILLA
2025-07-21,KALYANPURI
2025-07-16,GTBENCLAVE
2025-08-07,MOTINAGAR
2025-07-14,TILAKMARG
2025-07-20,IPESTATE
2025-07-21,NORTHAVENUE
2025-07-22,PASCHIMVIHARWEST
2025-07-22,SARAIROHILLA
2025-07-21,SUBZIMANDI
2025-07-21,SUBZIMANDI
2025-07-21,SUBZIMANDI
2025-07-21,SUBZIMANDI
2025-07-18,GHAZIPUR
2025-07-04,SADARBAZAR
2025-04-14,NANGLOI
2025-07-20,ADARSHNAGAR
2025-06-28,NEWASHOKNAGAR
2025-07-22,KASHMERIGATE
2025-07-21,HARINAGAR
2025-07-20,CONNAUGHTPLACE
2025-07-21,HARINAGAR
2025-07-17,KHYALA
2025-07-22,CIVILLINES
2025-07-23,NARELAINDUSTRIALAREA
2025-07-21,NARELA
2025-07-08,MANGOLPURI
2025-07-13,MANGOLPURI
2025-06-23,MANGOLPURI
2025-07-19,MANGOLPURI
2025-07-13,DARYAGANJ
2025-07-23,KHAJURIKHAS
2025-05-30,MANGOLPURI
2025-06-30,MANGOLPURI
2025-06-30,MANGOLPURI
2025-07-22,KHYALA
2025-07-23,SUBZIMANDI
2025-06-22,PUNJABIBAGH
2025-07-22,ROOPNAGAR
2025-07-22,GTBENCLAVE
2025-07-22,KHYALA
2025-07-25,CHANDNIMAHAL
2025-07-24,CIVILLINES
2025-07-23,CHANDNIMAHAL
2025-07-16,HARINAGAR
2025-07-16,HARINAGAR
2025-07-25,MADHUVIHAR
2025-07-17,NEWUSMANPUR
2025-07-24,GTBENCLAVE
2025-07-26,GTBENCLAVE
2025-07-23,JAHANGIRPURI
2025-07-25,NEWUSMANPUR
2025-07-26,KASHMERIGATE
2025-07-23,KASHMERIGATE
2025-07-25,KASHMERIGATE
2025-07-18,ANANDVIHARRLYSTN
2025-07-16,RANIBAGH
2025-07-14,GTBENCLAVE
2025-07-24,GTBENCLAVE
2025-07-23,GTBENCLAVE
2025-07-15,NEWUSMANPUR
2025-07-26,TILAKNAGAR
2025-07-25,ALIPUR
2025-07-27,KOTWALI
2025-07-28,SARAIROHILLA
2025-07-25,OKHLAINDUSTRIALAREA
2025-07-25,OKHLAINDUSTRIALAREA
2025-07-15,KAMLAMARKET
2025-07-27,MANGOLPURI
2025-07-20,MANGOLPURI
2025-07-28,MOTINAGAR
2025-07-26,GTBENCLAVE
2025-07-27,PUNJABIBAGH
2025-07-01,LAJPATNAGAR
2025-07-17,LAJPATNAGAR
2025-07-11,LAJPATNAGAR
2025-06-23,MANGOLPURI
2025-07-28,SAFDARJUNGENCLAVE
2025-07-24,TIMARPUR
2025-07-29,MANSAROVARPARK
2025-07-28,ASHOKVIHAR
2025-07-29,KAMLAMARKET
2025-07-30,CIVILLINES
2025-07-26,KASHMERIGATE
2025-07-26,SUBZIMANDI
2025-07-28,ANANDVIHARRLYSTN
2025-07-30,GTBENCLAVE
2025-07-11,SAFDARJUNGENCLAVE
2025-06-21,SULTANPURI
2025-07-29,GTBENCLAVE
2025-06-05,KALKAJI
2025-06-05,KALKAJI
2025-08-02,SAFDARJUNGENCLAVE
2025-08-01,SAFDARJUNGENCLAVE
2025-07-25,NEWUSMANPUR
2025-07-29,KOTWALI
2025-07-31,KAMLAMARKET
2025-07-23,KOTWALI
2025-08-02,KOTWALI
2025-07-31,PATPARGANJINDUSTRIALAREA
2025-07-24,CHANDNIMAHAL
2025-07-29,SAMAIPURBADLI
2025-08-02,MAYURVIHARPHI
2025-08-03,KOTWALI
2025-08-01,AMARCOLONY
2025-08-01,NABIKARIM
2025-07-17,KHYALA
2025-08-01,SAFDARJUNGENCLAVE
2025-08-03,SAFDARJUNGENCLAVE
2025-08-03,LAJPATNAGAR
2025-06-28,MOTINAGAR
2025-06-28,MOTINAGAR
2025-08-03,ANANDVIHARRLYSTN
2025-06-23,BHALSWADIARY
2025-06-30,GTBENCLAVE
2025-08-02,GTBENCLAVE
2025-07-26,GTBENCLAVE
2025-06-15,LODICOLONY
2025-06-14,LODICOLONY
2025-08-03,PAHARGANJ
2025-07-25,ANANDVIHARRLYSTN
2025-06-25,ANANDVIHARRLYSTN
2025-05-27,ANANDVIHARRLYSTN
2025-07-29,BHARATNAGAR
2025-08-05,NEWASHOKNAGAR
2025-05-04,ANANDVIHARRLYSTN
2025-03-21,ANANDVIHARRLYSTN
2025-08-02,MOTINAGAR
2025-03-16,ANANDVIHARRLYSTN
2025-08-04,ANANDVIHARRLYSTN
2025-08-05,MANGOLPURI
2025-08-05,MANGOLPURI
2025-08-01,NABIKARIM
2025-07-30,SARITAVIHAR
2025-08-05,BHAJANPURA
2025-08-05,HARINAGAR
2025-06-26,TIMARPUR
2025-08-23,PANDAVNAGAR
2025-08-05,CIVILLINES
2025-08-05,CIVILLINES
2025-08-04,IPESTATE
2025-08-07,RAJPARK
2025-08-04,ADARSHNAGAR
2025-08-06,ADARSHNAGAR
2025-08-06,ANANDVIHARRLYSTN
2025-06-12,BINDAPUR
2025-08-06,MODELTOWN
2025-08-08,SAFDARJUNGENCLAVE
2025-08-07,KASHMERIGATE
2025-08-07,MAYAPURI
2025-05-29,TILAKNAGAR
2025-08-08,IPESTATE
2025-07-29,MANSAROVARPARK
2025-07-29,KAMLAMARKET
2025-08-10,KNKATJUMARG
2025-08-06,SUNLIGHTCOLONY
2025-02-28,SAFDARJUNGENCLAVE
2025-08-08,MODELTOWN
2025-08-08,PATPARGANJINDUSTRIALAREA
2025-08-07,MAYAPURI
2025-08-03,PASCHIMVIHARWEST
2025-07-25,PASCHIMVIHARWEST
2025-08-09,GULABIBAGH
2025-08-10,KNKATJUMARG
2025-08-08,KASHMERIGATE
2025-03-16,BHARATNAGAR
2025-03-13,BHARATNAGAR
2025-08-10,DELHICANTT
2025-08-07,ANANDVIHAR
2025-08-12,NEBSARAI
2025-08-11,KASHMIRIGATEMETRO
2025-08-10,CHANKYAPURI
2025-08-03,LAHORIGATE
2025-08-10,CIVILLINES
2025-08-10,CIVILLINES
2025-08-10,CIVILLINES
2025-08-11,BHALSWADIARY
2025-08-11,KASHMERIGATE
2025-06-09,BHARATNAGAR
2025-08-12,SUBZIMANDI
2025-08-13,VASANTKUNJSOUTH
2025-08-13,VASANTKUNJSOUTH
2025-08-13,KOTWALI
2025-08-13,CIVILLINES
2025-08-12,CIVILLINES
2025-08-12,CIVILLINES
2025-07-08,LAHORIGATE
2025-08-10,LAHORIGATE
2025-08-09,GULABIBAGH
2025-08-13,KAPASHERA
2025-08-13,KAPASHERA
2025-08-13,AMARCOLONY
2025-08-13,DBGROAD
2025-08-14,LAHORIGATE
2025-08-13,KAPASHERA
2025-08-14,KOTWALI
2025-08-13,AMARCOLONY
2025-08-12,KASHMERIGATE
2025-08-07,JAMAMASJID
2025-08-14,KOTWALI
2025-08-04,DELHICANTT
2025-08-15,SHAHBADDIARY
2025-08-04,DELHICANTT
2025-08-13,KAPASHERA
2025-08-09,MAYAPURI
2025-08-14,KOTWALI
2025-08-12,LAJPATNAGAR
2025-08-16,OKHLAINDUSTRIALAREA
2025-07-31,KOTWALI
2025-08-04,DELHICANTT
2025-08-04,DELHICANTT
2025-08-16,OKHLAINDUSTRIALAREA
2025-08-16,OKHLAINDUSTRIALAREA
2025-08-13,DBGROAD
2025-08-13,DBGROAD
2025-08-16,KAMLAMARKET
2025-08-16,KAMLAMARKET
2025-08-15,MANDIRMARG
2025-08-16,ALIPUR
2025-08-15,MANDIRMARG
2025-08-16,OKHLAINDUSTRIALAREA
2025-08-04,DWARKASOUTH
2025-08-12,NIHALVIHAR
2025-07-19,MANGOLPURI
2025-08-16,ALIPUR
2025-08-16,ANANDPARBAT
2025-08-16,KAMLAMARKET
2025-08-19,HARINAGAR
2025-08-19,JAHANGIRPURI
2025-08-16,BARAHINDURAO
2025-08-16,BARAHINDURAO
2025-08-18,MOHANGARDEN
2025-06-21,CIVILLINES
2025-06-24,CIVILLINES
2025-07-03,CIVILLINES
2025-06-09,CIVILLINES
2025-08-18,NARAINA
2025-08-19,HARINAGAR
2025-08-12,LODICOLONY
2025-08-12,LODICOLONY
2025-08-12,LODICOLONY
2025-08-13,TIGRI
2025-07-05,TILAKNAGAR
2025-08-06,NAJAFGARH
2025-08-20,WELCOME
2025-08-19,BARAHINDURAO
2025-08-21,JAMAMASJID
2025-08-20,KAMLAMARKET
2025-08-19,KASHMERIGATE
2025-08-14,KASHMERIGATE
2025-08-16,KASHMERIGATE
2025-08-16,TIGRI
2025-08-20,BHALSWADIARY
2025-08-22,SARAIROHILLA
2025-08-22,KAMLAMARKET
2025-08-13,OKHLAINDUSTRIALAREA
2025-08-14,OKHLAINDUSTRIALAREA
2025-08-22,TILAKMARG
2025-08-21,DBGROAD
2025-08-22,SAFDARJUNGENCLAVE
2025-08-20,GTBENCLAVE
2025-08-23,TILAKMARG
2025-08-22,MANDIRMARG
2025-08-23,KAMLAMARKET
2025-08-05,ANANDVIHARRLYSTN
2025-08-23,RAJOURIGARDEN
2025-08-22,ALIPUR
2025-08-22,KASHMERIGATE
2025-08-18,SUBZIMANDI
2025-08-21,NEWASHOKNAGAR
2025-08-21,JAMAMASJID
2025-08-23,PULPRAHLADPUR
2025-08-23,SADARBAZAR
2025-08-22,NEWUSMANPUR
2025-08-21,PAHARGANJ
2025-08-16,BINDAPUR
2025-08-24,KRISHNANAGAR
2025-06-01,KALYANPURI
2025-08-25,KOTWALI
2025-08-25,PAHARGANJ
2025-08-26,TIMARPUR
2025-08-26,TIMARPUR
2025-08-26,KOTWALI
2025-07-25,MUNDKA
2025-08-23,LAHORIGATE
2025-08-23,KASHMERIGATE
2025-08-19,KASHMERIGATE
2025-08-19,KASHMERIGATE
2025-08-24,LAHORIGATE
2025-08-25,CHHAWALA
2025-08-27,MANSAROVARPARK
2025-08-27,SAMAIPURBADLI
2025-08-26,TUGHLAKROAD
2025-08-25,KASHMERIGATE
2025-08-21,BHAJANPURA
2025-08-26,MANDIRMARG
2025-08-23,NORTHROHINI
2025-08-26,KOTWALI
2025-08-26,KOTWALI
2025-08-27,MANSAROVARPARK
2025-08-28,MODELTOWN
2025-08-25,KOTWALI
2025-08-26,KASHMERIGATE
2025-08-29,KNKATJUMARG
2025-08-27,BARAHINDURAO
2025-08-28,ANANDVIHARRLYSTN
2025-08-20,KALYANPURI
2025-08-29,ROOPNAGAR
2025-08-22,SARITAVIHAR
2025-08-10,BINDAPUR
2025-08-26,IPESTATE
2025-08-27,IPESTATE
2025-08-26,CIVILLINES
2025-08-24,FARSHBAZAR
2025-08-30,KASHMERIGATE
2025-08-29,NORTHAVENUE
2025-08-08,SHALIMARBAGH
2025-08-29,PASCHIMVIHARWEST
2025-08-29,KOTWALI
2025-08-28,KOTWALI
2025-08-17,NANGLOI
2025-08-30,SUBZIMANDI
2025-08-28,DARYAGANJ
2025-08-27,KAMLAMARKET
2025-08-27,KAMLAMARKET
2025-08-28,KOTWALI
2025-09-01,KOTWALI
2025-09-01,SAFDARJUNGENCLAVE
2025-09-01,CIVILLINES
2025-08-02,LAHORIGATE
2025-08-31,MUKHERJEENAGAR
2025-08-31,KOTWALI
2025-08-31,SAFDARJUNGENCLAVE
2025-09-02,JAHANGIRPURI
2025-09-02,PREMNAGAR
2025-09-02,DWARKASOUTH
2025-08-30,GTBENCLAVE
2025-06-13,SHASTRIPARK
2025-08-29,GTBENCLAVE
2025-08-31,NABIKARIM
2025-09-02,SAFDARJUNGENCLAVE
2025-09-03,CONNAUGHTPLACE
2025-05-28,SEELAMPUR
2025-08-20,GTBENCLAVE
2025-09-01,KOTWALI
2025-09-01,KOTWALI
2025-09-01,VASANTKUNJSOUTH
2025-09-03,CHHAWALA
2025-09-03,CHHAWALA
2025-07-12,SUNLIGHTCOLONY
2025-08-09,GULABIBAGH
2025-09-04,TILAKNAGAR
2025-09-04,KRISHNANAGAR
2025-09-03,NANDNAGRI
2025-08-22,NEWUSMANPUR
2025-09-03,CONNAUGHTPLACE
2025-08-23,KAMLAMARKET
2025-08-27,MAYAPURI
2025-09-06,NORTHAVENUE
2025-09-04,KASHMERIGATE
2025-09-06,MAYAPURI
2025-09-06,MAYAPURI
2025-09-07,BHAJANPURA
2025-07-27,SARITAVIHAR
2025-09-07,ANANDVIHARRLYSTN
2025-09-07,BARAHINDURAO
2025-09-06,MAYAPURI
2025-09-08,MANSAROVARPARK
2025-09-02,GTBENCLAVE
2025-09-06,KAPASHERA
2025-09-08,DWARKANORTH
2025-09-08,MAYURVIHARPHI
2025-09-08,ANANDVIHARRLYSTN
2025-09-07,SUBZIMANDI
2025-09-08,SHASTRIPARK
2025-09-04,NIHALVIHAR
2025-06-11,VASANTKUNJNORTH
2025-09-02,MANSAROVARPARK
2025-08-31,NABIKARIM
2025-09-08,BAWANA
2025-09-08,BAWANA
2025-09-08,MANSAROVARPARK
2025-09-09,AMARCOLONY
2025-09-04,SAFDARJUNGENCLAVE
2025-09-07,HARINAGAR
2025-09-08,BARAHINDURAO
2025-09-08,BARAHINDURAO
2025-09-08,NEWUSMANPUR
2025-08-19,BARAHINDURAO
2025-09-09,AMARCOLONY
2025-09-10,HARINAGAR
2025-08-24,MANGOLPURI
2025-09-10,CONNAUGHTPLACE
2025-08-30,SHAHDARA
2025-09-10,NORTHROHINI
2025-09-05,KESHAVPURAM
2025-09-01,NEWUSMANPUR
2025-09-10,JAFFARPURKALAN
2025-09-09,KASHMERIGATE
2025-09-08,SARAIROHILLA
2025-09-08,SARAIROHILLA
2025-08-03,LODICOLONY
2025-08-20,TIMARPUR
2025-09-05,KASHMERIGATE
2025-09-08,BARAHINDURAO
2025-09-11,ANANDVIHAR
2025-09-11,NAJAFGARH
2025-09-11,NAJAFGARH
2025-07-21,MANGOLPURI
2025-09-11,PUNJABIBAGH
2025-09-12,KOTWALI
2025-08-21,KALYANPURI
2025-09-06,SUBZIMANDI
2025-09-10,PUNJABIBAGH
2025-09-11,NEWASHOKNAGAR
2025-09-12,BHARATNAGAR
2025-09-10,CONNAUGHTPLACE
2025-09-12,FARSHBAZAR
2025-09-13,GHAZIPUR
2025-09-13,GHAZIPUR
2025-09-12,SANGAMVIHAR
2025-09-13,MANDIRMARG
2025-09-12,KAMLAMARKET
2025-09-13,KAMLAMARKET
2025-05-21,LAHORIGATE
2025-06-15,LAHORIGATE
2025-08-10,HARINAGAR
2025-08-22,KAPASHERA
2025-09-03,LODICOLONY
2025-09-12,KASHMERIGATE
2025-09-14,KASHMERIGATE
2025-09-14,KOTWALI
2025-09-02,GTBENCLAVE
2025-09-13,BINDAPUR
2025-08-21,NEWASHOKNAGAR
2025-09-16,CIVILLINES
2025-09-15,SUBZIMANDI
2025-09-15,SHASTRIPARK
2025-09-14,KOTWALI
2025-09-08,MAYURVIHARPHI
2025-09-12,NANDNAGRI
2025-09-15,SHASTRIPARK
2025-09-16,KALANDIKUNJ
2025-09-16,KOTWALI
2025-09-16,KOTWALI
2025-09-17,CONNAUGHTPLACE
2025-09-10,ANANDVIHARRLYSTN
2025-09-09,KALANDIKUNJ
2025-09-17,SAFDARJUNGENCLAVE
2025-09-18,MAHENDRAPARK
2025-09-16,SUBZIMANDI
2025-09-09,SUBZIMANDI
2025-09-13,KHYALA
2025-09-16,TILAKMARG
2025-09-17,CONNAUGHTPLACE
2025-09-18,PARLIAMENTSTREET
2025-09-18,PREETVIHAR
2025-09-19,MAHENDRAPARK
2025-09-18,KASHMERIGATE
2025-09-19,CONNAUGHTPLACE
2025-09-09,GTBENCLAVE
2025-08-21,NEWUSMANPUR
2025-09-17,GULABIBAGH
2025-09-19,SAFDARJUNGENCLAVE
2025-08-22,KAPASHERA
2025-09-13,KHYALA
2025-09-19,GOVINDPURI
2025-09-20,SONIAVIHAR
2025-09-20,NEWUSMANPUR
2025-09-19,SUBZIMANDI
2025-09-20,MAYAPURI
2025-09-19,CIVILLINES
2025-08-05,HARINAGAR
2025-09-04,BHARATNAGAR
2025-09-19,NARELAINDUSTRIALAREA
2025-09-20,MAYAPURI
2025-09-21,MAYURVIHARPHI
2025-09-21,PARLIAMENTSTREET
2025-09-21,LAHORIGATE
2024-11-03,SAFDARJUNGENCLAVE
2024-10-21,SAFDARJUNGENCLAVE
2025-09-19,CONNAUGHTPLACE
2025-09-22,NAJAFGARH
2025-09-22,SOROJININAGAR
2025-09-22,GEETACOLONY
2025-09-22,JAMAMASJID
2025-09-21,PANDAVNAGAR
2025-09-18,NABIKARIM
2025-09-19,BAWANA
2025-09-17,INDERPURI
2025-09-23,HARSHVIHAR
2025-09-23,KOTWALI
2025-09-23,MODELTOWN
2025-09-23,MODELTOWN
2025-09-23,MODELTOWN
2025-09-22,BARAHINDURAO
2025-09-23,MANGOLPURI
2025-09-23,GEETACOLONY
2025-09-13,SAMAIPURBADLI
2025-09-22,KALYANPURI
2025-09-13,MUNDKA
2025-09-24,JAMAMASJID
2025-09-20,NEWUSMANPUR
2025-08-22,GTBENCLAVE
2025-09-23,AMANVIHAR
2025-09-23,GTBENCLAVE
2025-09-23,JANAKPURI
2025-09-24,SAFDARJUNGENCLAVE
2025-09-12,SAFDARJUNGENCLAVE
2025-09-14,SAFDARJUNGENCLAVE
2025-09-24,WELCOME
2025-09-24,GTBENCLAVE
2025-09-24,GTBENCLAVE
2025-09-24,CIVILLINES
2025-09-24,PATPARGANJINDUSTRIALAREA
2025-09-23,MANGOLPURI
2025-09-21,SAFDARJUNGENCLAVE
2025-09-23,JAMAMASJID
2025-09-25,LAHORIGATE
2025-09-25,LAHORIGATE
2025-09-23,SARITAVIHAR
2025-09-19,KNKATJUMARG
2025-09-21,NEWUSMANPUR
2025-09-24,JAMAMASJID
2025-09-26,KAMLAMARKET
2025-09-26,AMANVIHAR
2025-09-22,BARAHINDURAO
2025-09-22,BARAHINDURAO
2025-09-27,PAHARGANJ
2025-09-26,BARAKHAMBAROAD
2025-09-27,SUNLIGHTCOLONY
2025-09-27,SUNLIGHTCOLONY
2025-09-24,KOTWALI
2025-09-17,BAWANA
2025-09-25,KALKAJI
2025-09-24,CIVILLINES
2025-09-29,DBGROAD
2025-09-27,SADARBAZAR
2025-09-29,KASHMERIGATE
2025-09-28,LAHORIGATE
2025-07-17,NANDNAGRI
2025-06-12,NANDNAGRI
2025-06-09,NANDNAGRI
2025-05-30,NANDNAGRI
2025-02-12,NANDNAGRI
2025-01-30,NANDNAGRI
2025-09-28,DBGROAD
2025-09-13,SUNLIGHTCOLONY
2025-09-28,DARYAGANJ
2025-09-28,TIMARPUR
2025-09-27,BINDAPUR
2025-09-28,IPESTATE
2025-09-28,JANAKPURI
2025-09-30,TILAKMARG
2025-09-30,KALYANPURI
2025-09-22,ADARSHNAGAR
2025-09-30,KASHMERIGATE
2025-09-30,KASHMERIGATE
2025-09-30,KASHMERIGATE
2025-09-30,KASHMERIGATE
2025-09-28,TIMARPUR
2025-09-28,TIMARPUR
2025-09-28,IPESTATE
2025-09-19,MAHENDRAPARK
2025-09-30,ANANDVIHAR
2025-10-01,SHAHEENBAGH
2025-09-15,SUNLIGHTCOLONY
2025-09-20,SARAIROHILLA
2025-08-29,SUNLIGHTCOLONY
2025-09-19,HARINAGAR
2025-09-29,SARAIROHILLA
2025-09-28,KIRTINAGAR
2025-09-30,KIRTINAGAR
2025-09-28,KIRTINAGAR
2025-09-30,CIVILLINES
2025-09-30,CIVILLINES
2025-09-30,CIVILLINES
2025-09-30,CIVILLINES
2025-09-30,CIVILLINES
2025-09-30,GTBENCLAVE
2025-09-24,SADARBAZAR
2025-09-23,HARSHVIHAR
2025-10-01,JANAKPURI
2025-09-20,NABIKARIM
2025-09-30,BARAHINDURAO
2025-09-20,RANHOLA
2025-09-20,RANHOLA
2025-10-01,SUBZIMANDI
2025-10-02,ALIPUR
2025-09-06,KASHMIRIGATEMETRO
2025-10-01,BAWANA
2025-10-01,BAWANA
2025-10-01,BAWANA
2025-10-03,SADARBAZAR
2025-09-28,SAFDARJUNGENCLAVE
2025-10-02,KOTWALI
2025-10-01,ADARSHNAGAR
2025-10-01,SEELAMPUR
2025-10-03,LAHORIGATE
2025-10-03,NORTHROHINI
2025-10-03,NORTHROHINI
2025-09-19,JAFFARPURKALAN
2025-10-02,MANSAROVARPARK
2025-09-10,HARINAGAR
2025-09-21,KNKATJUMARG
2025-10-03,KHAJURIKHAS
2025-10-03,JAMAMASJID
2025-10-03,JAMAMASJID
2025-10-03,KASHMERIGATE
2025-09-29,GTBENCLAVE
2025-10-03,KAPASHERA
2025-10-03,KASHMIRIGATEMETRO
2025-10-03,SONIAVIHAR
2025-09-28,DARYAGANJ
2025-10-01,CIVILLINES
2025-09-30,CIVILLINES
2025-10-04,DARYAGANJ
2025-10-02,SAKET
2025-10-05,MANDIRMARG
2025-10-05,MANDIRMARG
2025-10-05,MANDIRMARG
2025-10-05,KOTWALI
2025-10-04,SUBZIMANDI
2025-10-04,MUNDKA
2025-10-04,MUNDKA
2025-10-03,JAMAMASJID
2025-10-06,SAFDARJUNGENCLAVE
2025-10-05,MUKHERJEENAGAR
2025-09-09,PASCHIMVIHARWEST
2025-10-06,HARINAGAR
2025-10-05,NEWUSMANPUR
2025-09-23,GTBENCLAVE
2025-10-04,SULTANPURI
2025-10-05,KOTWALI
2025-09-18,IPESTATE
2025-10-07,NORTHAVENUE
2025-10-06,SARAIROHILLA
2025-10-01,DWARKANORTH
2025-10-07,MANDIRMARG
2025-10-07,CIVILLINES
2025-10-04,KOTWALI
2025-10-08,KOTWALI
2025-10-07,MANDIRMARG
2025-10-07,NAJAFGARH
2025-05-11,HARSHVIHAR
2025-10-04,SUBZIMANDI
2025-07-17,WAZIRABAD
2025-09-30,BARAHINDURAO
2025-09-23,KIRTINAGAR
2025-10-07,LODICOLONY
2025-10-09,PAHARGANJ
2025-10-06,KAMLAMARKET
2025-09-30,DELHICANTT
2025-05-10,GHAZIPUR
2025-10-06,GTBENCLAVE
2025-10-08,BARAHINDURAO
2025-09-27,NARAINA
2025-10-10,SARAIROHILLA
2025-10-07,SARAIROHILLA
2025-10-10,GULABIBAGH
2025-10-08,NORTHAVENUE
2025-10-08,NORTHAVENUE
2025-10-09,NEWASHOKNAGAR
2025-10-10,NAJAFGARH
2025-10-10,NAJAFGARH
2025-10-10,NAJAFGARH
2025-10-10,NAJAFGARH
2025-10-09,SAFDARJUNGENCLAVE
2025-10-09,SAFDARJUNGENCLAVE
2025-10-09,SAFDARJUNGENCLAVE
2025-10-09,SAFDARJUNGENCLAVE
2025-10-09,SAFDARJUNGENCLAVE
2025-10-09,SAFDARJUNGENCLAVE
2025-10-09,SAFDARJUNGENCLAVE
2025-10-09,SAFDARJUNGENCLAVE
2025-10-09,SAFDARJUNGENCLAVE
2025-10-09,SAFDARJUNGENCLAVE
2025-10-05,NEWUSMANPUR
2025-10-04,HARINAGAR
2025-10-01,JANAKPURI
2025-10-10,LAHORIGATE
2025-10-10,TILAKMARG
2025-10-08,KOTWALI
2025-10-09,LAHORIGATE
2025-10-11,GHAZIPUR
2025-10-11,GHAZIPUR
2025-10-12,MANDIRMARG
2025-10-12,CIVILLINES
2025-10-11,MANSAROVARPARK
2025-10-13,VIKASPURI
2025-10-05,HARINAGAR
2025-09-28,JANAKPURI
2025-09-23,JANAKPURI
2025-10-13,HAUZKHAS
2025-10-03,SUNLIGHTCOLONY
2025-09-18,BAWANA
2025-10-05,HARINAGAR
2025-10-14,BABAHARIDASNAGAR
2025-09-23,MANGOLPURI
2025-10-07,MANGOLPURI
2025-09-26,MANGOLPURI
2025-05-25,MANGOLPURI
2025-10-13,SUBZIMANDI
2025-10-07,KALYANPURI
2025-09-05,SULTANPURI
2025-09-30,DELHICANTT
2025-09-12,HAUZQAZI
2025-10-05,KOTWALI
2025-10-14,PATPARGANJINDUSTRIALAREA
2025-10-14,KNKATJUMARG
2025-10-05,KRISHNANAGAR
2025-10-14,KASHMERIGATE
2025-10-16,CHHAWALA
2025-10-13,KAMLAMARKET
2025-10-03,ADARSHNAGAR
2025-10-15,GREATERKAILASH
2025-10-16,BINDAPUR
2025-10-06,GTBENCLAVE
2025-10-13,KAMLAMARKET
2025-10-10,LAHORIGATE
2025-10-11,MANSAROVARPARK
2025-10-15,KASHMERIGATE
2025-10-15,TIMARPUR
2025-10-10,GTBENCLAVE
2025-09-25,LAHORIGATE
2025-09-25,LAHORIGATE
2025-10-11,SAFDARJUNGENCLAVE
2025-10-18,NARELA
2025-10-13,MOHANGARDEN
2025-10-17,ANANDVIHARRLYSTN
2025-10-14,LAHORIGATE
2025-10-14,LAHORIGATE
2025-10-17,GULABIBAGH
2025-10-14,LAHORIGATE
2025-09-27,LAHORIGATE
2025-10-18,MANGOLPURI
2025-10-18,MANGOLPURI
2025-10-18,BURARI
2025-10-19,KOTWALI
2025-10-18,KALYANPURI
2025-10-19,TIMARPUR
2025-10-20,KESHAVPURAM
2025-10-20,MOTINAGAR
2025-10-20,DBGROAD
2025-10-15,BHALSWADIARY
2025-10-21,ALIPUR
2025-10-16,IPESTATE
2025-10-21,ALIPUR
2025-10-15,IPESTATE
2025-10-14,KARAWALNAGAR
2025-10-19,LAXMINAGAR
2025-10-12,IPESTATE
2025-10-01,IPESTATE
2025-10-22,TILAKNAGAR
2025-10-21,BHARATNAGAR
2025-10-09,MODELTOWN
2025-10-21,CIVILLINES
2025-10-22,KALYANPURI
2025-10-22,SUBZIMANDI
2025-10-20,MANDIRMARG
2025-10-20,KASHMERIGATE
2025-10-20,KASHMERIGATE
2025-10-18,KASHMERIGATE
2025-10-20,BUDHVIHAR
2025-10-20,NEWUSMANPUR
2025-10-14,KNKATJUMARG
2025-10-12,CIVILLINES
2025-10-22,PATPARGANJINDUSTRIALAREA
2025-10-10,MANGOLPURI
2025-10-21,PASCHIMVIHARWEST
2025-10-22,SUBZIMANDI
2025-10-22,SUBZIMANDI
2025-10-15,KAPASHERA
2025-09-22,KAMLAMARKET
2025-10-21,GTBENCLAVE
2025-10-22,BURARI
2025-10-20,JAHANGIRPURI
2025-10-20,JAHANGIRPURI
2025-10-11,NANDNAGRI
2025-09-22,KAMLAMARKET
2025-07-05,MANGOLPURI
2025-07-05,MANGOLPURI
2025-07-15,MANGOLPURI
2025-10-21,GANDHINAGAR
2025-08-27,MANGOLPURI
2025-08-02,MANGOLPURI
2025-08-05,MANGOLPURI
2025-08-06,MANGOLPURI
2025-10-24,RAJPARK
2025-10-23,KOTWALI
2025-10-24,IPESTATE
2025-10-23,MAYURVIHARPHI
2025-10-24,GULABIBAGH
2025-10-24,ANANDVIHARRLYSTN
2025-10-24,KASHMERIGATE
2025-10-23,SUBZIMANDI
2025-10-22,KOTWALI
2025-10-18,OKHLAINDUSTRIALAREA
2025-10-25,GTBENCLAVE
2025-10-25,SUBZIMANDI
2025-10-19,NEWASHOKNAGAR
2025-09-01,HARINAGAR
2025-10-14,KESHAVPURAM
2025-10-24,KASHMERIGATE
2025-10-17,HAUZKHAS
2025-10-23,DBGROAD
2025-10-18,BINDAPUR
2025-10-23,DBGROAD
2025-10-24,DARYAGANJ
2025-10-24,NABIKARIM
2025-10-25,PRASADNAGAR
2025-10-25,SAMAIPURBADLI
2025-10-25,CIVILLINES
2025-10-24,VIVEKVIHAR
2025-10-24,KOTWALI
2025-10-25,IPESTATE
2025-10-23,DBGROAD
2025-10-24,IPESTATE
2025-10-14,KARAWALNAGAR
2025-10-08,SHASTRIPARK
2025-10-25,MEHRAULI
2025-10-27,KASHMERIGATE
2025-10-24,MOTINAGAR
2025-10-07,CIVILLINES
2025-10-27,MAYURVIHARPHI
2025-10-28,KNKATJUMARG
2025-10-27,PASCHIMVIHARWEST
2025-10-15,SOUTHROHINI
2025-10-29,JAHANGIRPURI
2025-10-24,MANGOLPURI
2025-10-29,JAHANGIRPURI
2025-10-28,CIVILLINES
2025-10-28,TIMARPUR
2025-10-20,NEWUSMANPUR
2025-10-25,NANGLOI
2025-10-30,NANGLOI
2025-10-22,ANANDVIHARRLYSTN
2025-10-27,MANDIRMARG
2025-10-26,NORTHROHINI
2025-10-28,KASHMERIGATE
2025-10-28,KASHMERIGATE
2025-10-28,KASHMERIGATE
2025-10-28,KASHMERIGATE
2025-10-28,KASHMERIGATE
2025-10-28,KASHMERIGATE
2025-10-28,KASHMERIGATE
2025-10-28,KASHMERIGATE
2025-10-14,KIRTINAGAR
2025-10-30,FARSHBAZAR
2025-10-24,GULABIBAGH
2025-10-31,KOTWALI
2025-10-31,SHASTRIPARK
2025-10-30,DELHICANTT
2025-10-30,DELHICANTT
2025-10-30,MAHENDRAPARK
2025-10-31,SARAIROHILLA
2025-10-26,SARAIROHILLA
2025-10-30,NANGLOI
2025-10-30,DELHICANTT
2025-10-30,CHANKYAPURI
2025-10-31,MANDIRMARG
2025-10-31,SUBZIMANDI
2025-10-22,SHAHBADDIARY
2025-10-31,KASHMERIGATE
2025-10-31,IPESTATE
2025-10-31,MAHENDRAPARK
2025-10-20,DBGROAD
2025-10-18,MADHUVIHAR
2025-10-30,DARYAGANJ
2025-10-14,KIRTINAGAR
2025-11-02,KOTWALI
2025-10-30,MANGOLPURI
2025-11-01,RAJPARK
2025-11-01,MEHRAULI
2025-10-19,NEWASHOKNAGAR
2025-11-02,LAHORIGATE
2025-11-03,KAPASHERA
2025-10-31,LAHORIGATE
2025-11-02,SUBZIMANDI
2025-11-02,SUBZIMANDI
2025-11-02,SUBZIMANDI
2025-11-02,SUBZIMANDI
2025-11-02,SUBZIMANDI
2025-11-02,SUBZIMANDI
2025-11-02,SUBZIMANDI
2025-11-20,IPESTATE
2025-10-29,IPESTATE
2025-10-28,KNKATJUMARG
2025-11-04,MANGOLPURI
2025-11-03,LODICOLONY
2025-11-03,LODICOLONY
2025-11-03,LODICOLONY
2025-11-03,LODICOLONY
2025-11-03,KHYALA
2025-11-03,KASHMERIGATE
2025-11-03,KASHMERIGATE
2025-10-30,KALYANPURI
2025-10-30,KALYANPURI
2025-10-30,KALYANPURI
2025-11-02,KALYANPURI
2025-11-03,KOTWALI
2025-10-30,HAUZQAZI
2025-10-20,IPESTATE
2025-09-06,MAYAPURI
2025-11-01,LAHORIGATE
2025-11-05,KNKATJUMARG
2025-11-05,TILAKNAGAR
2025-11-04,IPESTATE
2025-10-30,DOMESTICAIRPORT
2025-10-09,CIVILLINES
2025-10-31,CIVILLINES
2025-10-31,CIVILLINES
2025-10-31,CIVILLINES
2025-10-31,DWARKANORTH
2025-10-08,MANGOLPURI
2025-09-23,MANGOLPURI
2025-10-29,BURARI
2025-11-05,AMANVIHAR
2025-11-05,CIVILLINES
2025-10-30,SUBZIMANDI
2025-11-05,SUBZIMANDI
2025-11-05,CIVILLINES
2025-11-06,LAHORIGATE
2025-11-05,KOTWALI
2025-09-08,ANANDVIHAR
2025-09-30,TILAKNAGAR
2025-09-30,TILAKNAGAR
2025-09-30,TILAKNAGAR
2025-09-30,TILAKNAGAR
2025-09-30,TILAKNAGAR
2025-09-30,TILAKNAGAR
2025-09-30,TILAKNAGAR
2025-09-30,TILAKNAGAR
2025-09-30,TILAKNAGAR
2025-09-30,TILAKNAGAR
2025-09-30,TILAKNAGAR
2025-11-06,GULABIBAGH
2025-09-03,TILAKNAGAR
2025-11-04,FARSHBAZAR
2025-11-06,LAHORIGATE
2025-11-04,DAYALPUR
2025-11-04,DAYALPUR
2025-04-11,DAYALPUR
2025-11-08,MUNDKA
2025-11-01,NEBSARAI
2025-11-01,NEBSARAI
2025-11-06,KALKAJI
2025-09-30,KIRTINAGAR
2025-11-07,KOTWALI
2025-11-09,ANANDVIHARRLYSTN
2025-10-15,KAPASHERA
2025-11-07,MANSAROVARPARK
2025-11-08,HARINAGAR
2025-11-09,KASHMERIGATE
2025-11-09,KASHMERIGATE
2025-11-05,KNKATJUMARG
2025-11-10,PASCHIMVIHARWEST
2025-09-27,LAHORIGATE
2025-11-11,BARAHINDURAO
2025-11-11,SAFDARJUNGENCLAVE
2025-11-03,VIJAYVIHAR
2025-11-10,TUGHLAKROAD
2025-11-04,KOTWALI
2025-11-12,PATPARGANJINDUSTRIALAREA
2025-11-12,PATPARGANJINDUSTRIALAREA
2025-11-08,BURARI
2025-11-13,RANIBAGH
2025-11-13,CONNAUGHTPLACE
2025-11-12,IGIAIRPORT
2025-10-23,RANHOLA
2025-11-13,KASHMERIGATE
2025-11-12,KASHMERIGATE
2025-11-13,LAHORIGATE
2025-11-12,LAHORIGATE
2025-11-12,SAFDARJUNGENCLAVE
2025-11-12,SAFDARJUNGENCLAVE
2025-11-13,ANANDVIHARRLYSTN
2025-08-26,MANSAROVARPARK
2025-09-14,GULABIBAGH
2025-11-12,IGIAIRPORT
2025-11-13,KASHMERIGATE
2025-11-14,DWARKASOUTH
2025-11-07,MANGOLPURI
2025-11-07,MANGOLPURI
2025-11-14,NAJAFGARH
2025-11-13,KOTWALI
2025-11-14,SUBZIMANDI
2025-11-12,MUKHERJEENAGAR
2025-11-13,LAHORIGATE
2025-10-31,LAHORIGATE
2025-11-12,LAHORIGATE
2025-11-07,LAHORIGATE
2025-11-07,MANSAROVARPARK
2025-10-17,OKHLAINDUSTRIALAREA
2025-11-16,VIJAYVIHAR
2025-11-15,LAHORIGATE
2025-11-13,CONNAUGHTPLACE
2025-11-13,CONNAUGHTPLACE
2025-11-15,CONNAUGHTPLACE
2025-11-16,KOTWALI
2025-11-13,HAUZKHAS
2025-11-15,PAHARGANJ
2025-11-27,PASCHIMVIHAREAST
2025-11-27,PASCHIMVIHAREAST
2025-11-11,KAPASHERA
2025-11-17,PATPARGANJINDUSTRIALAREA
2025-11-16,TILAKNAGAR
2025-11-16,NEBSARAI
2025-11-11,BARAHINDURAO
2025-11-11,BARAHINDURAO
2025-11-11,BARAHINDURAO
2025-11-16,FATEHPURBERI
2025-11-13,DWARKASOUTH
2025-11-14,JYOTINAGAR
2025-11-19,CIVILLINES
2025-11-18,BARAHINDURAO
2025-11-11,MANGOLPURI
2025-11-18,PREETVIHAR
2025-11-18,PREETVIHAR
2025-11-16,KOTWALI
2025-11-18,TILAKMARG
2025-11-19,WAZIRABAD
2025-11-05,AMANVIHAR
2025-11-03,KAPASHERA
2025-11-20,JANAKPURI
2025-06-24,SHALIMARBAGH
2025-11-21,PARLIAMENTSTREET
2025-11-20,PANDAVNAGAR
2025-11-21,NABIKARIM
2025-11-20,NEWFRIENDSCOLONY
2025-11-20,NEWFRIENDSCOLONY
2025-11-20,NEWFRIENDSCOLONY
2025-11-22,KAMLAMARKET
2025-11-22,KAMLAMARKET
2025-11-22,SHAHBADDIARY
2025-11-22,SHAHBADDIARY
2025-11-22,SHAHBADDIARY
2025-11-22,LAHORIGATE
2025-11-22,KAMLAMARKET
2025-11-22,KAMLAMARKET
2025-11-20,PATPARGANJINDUSTRIALAREA
2025-11-20,PATPARGANJINDUSTRIALAREA
2025-11-20,PATPARGANJINDUSTRIALAREA
2025-11-20,PATPARGANJINDUSTRIALAREA
2025-11-15,KHAJURIKHAS
2025-11-15,KHAJURIKHAS
2025-11-15,KHAJURIKHAS
2025-11-15,KHAJURIKHAS
2025-11-15,KHAJURIKHAS
2025-11-15,KHAJURIKHAS
2025-11-15,KHAJURIKHAS
2025-11-15,KHAJURIKHAS
2025-11-15,KHAJURIKHAS
2025-11-15,KHAJURIKHAS
2025-11-15,KHAJURIKHAS
2025-11-15,KHAJURIKHAS
2025-11-15,KHAJURIKHAS
2025-11-15,KHAJURIKHAS
2025-11-15,KHAJURIKHAS
2025-11-15,KHAJURIKHAS
2025-11-15,KHAJURIKHAS
2025-11-15,KHAJURIKHAS
2025-11-15,KHAJURIKHAS
2025-10-27,KIRTINAGAR
2025-11-06,MANGOLPURI
2025-10-29,MANGOLPURI
2025-11-23,PASCHIMVIHAREAST
2025-11-25,KAMLAMARKET
2025-11-22,GANDHINAGAR
2025-11-23,MUNDKA
2025-11-24,MANGOLPURI
2025-11-21,KASHMERIGATE
2025-11-21,KASHMERIGATE
2025-11-21,KASHMERIGATE
2025-11-21,KASHMERIGATE
2025-11-21,KASHMERIGATE
2025-11-21,KASHMERIGATE
2025-11-21,KASHMERIGATE
2025-11-20,KASHMERIGATE
2025-11-16,KASHMERIGATE
2025-10-24,PASCHIMVIHARWEST
2025-11-24,GHAZIPUR
2025-11-23,DBGROAD
2025-11-26,MANGOLPURI
2025-11-27,CHHAWALA
2025-11-27,KALYANPURI
2025-11-27,KAMLAMARKET
2025-10-21,KISHANGARH
2025-11-26,MANGOLPURI
2025-11-20,GANDHINAGAR
2025-11-19,SHAHBADDIARY
2025-11-24,PASCHIMVIHARWEST
2025-11-29,SAFDARJUNGENCLAVE
2025-11-29,MEHRAULI
2025-11-27,KNKATJUMARG
2025-11-28,JAHANGIRPURI
2025-11-19,KAMLAMARKET
2025-11-24,KAMLAMARKET
2025-11-26,KOTWALI
2025-11-28,WAZIRABAD
2025-11-30,KASHMERIGATE
2025-11-23,KASHMERIGATE
2025-11-19,KASHMERIGATE
2025-11-22,KASHMERIGATE
2025-11-26,KASHMERIGATE
2025-11-26,CHHAWALA
2025-11-09,VASANTKUNJSOUTH
2025-11-04,MUNDKA
2025-11-04,MUNDKA
2025-11-04,MUNDKA
2025-11-04,MUNDKA
2025-11-04,MUNDKA
2025-11-04,MUNDKA
2025-11-04,MUNDKA
2025-12-01,MANDIRMARG
2025-11-18,PREMNAGAR
2025-03-20,PREMNAGAR
2025-11-26,KAMLAMARKET
2025-11-29,IPESTATE
2025-11-28,VIVEKVIHAR
2025-11-30,PAHARGANJ
2025-11-22,MANGOLPURI
2025-11-22,MANGOLPURI
2025-11-25,SAMAIPURBADLI
2025-12-02,LAHORIGATE
2025-11-26,PAHARGANJ
2025-12-03,ANANDVIHARRLYSTN
2025-12-02,PANDAVNAGAR
2025-12-03,AMANVIHAR
2025-12-02,MODELTOWN
2025-12-03,SUBZIMANDI
2025-12-01,KAMLAMARKET
2025-12-02,DBGROAD
2025-12-04,MANDIRMARG
2025-11-28,KOTWALI
2025-11-28,KOTWALI
2025-11-27,PANDAVNAGAR
2025-12-03,SAMAIPURBADLI
2025-12-03,WELCOME
2025-12-03,NORTHROHINI
2025-11-30,SADARBAZAR
2025-12-02,MUKHERJEENAGAR
2025-12-02,MUKHERJEENAGAR
2025-12-04,CIVILLINES
2025-11-30,MOTINAGAR
2025-12-05,PARLIAMENTSTREET
2025-12-01,KALKAJI
2025-11-30,KOTWALI
2025-12-04,WAZIRABAD
2025-12-05,JAMAMASJID
2025-12-03,HARINAGAR
2025-12-07,MODELTOWN
2025-12-07,SADARBAZAR
2025-12-07,GOVINDPURI
2025-11-30,MANGOLPURI
2025-12-08,CIVILLINES
2025-12-06,KOTWALI
2025-12-06,SEELAMPUR
2025-12-06,SEELAMPUR
2025-12-08,KOTWALI
2025-10-01,MAYAPURI
2025-12-08,MAYAPURI
2025-12-05,PARLIAMENTSTREET
2025-12-09,SAFDARJUNGENCLAVE
2025-12-09,SAFDARJUNGENCLAVE
2025-12-06,MAHENDRAPARK
2025-12-06,MAHENDRAPARK
2025-12-09,PATELNAGAR
2025-12-05,SAFDARJUNGENCLAVE
2025-12-09,CIVILLINES
2025-12-09,NORTHAVENUE
2025-11-22,SAMAIPURBADLI
2025-12-05,MAYURVIHARPHI
2025-11-14,JAITPUR
2025-11-27,PASCHIMVIHAREAST
2025-12-10,LAHORIGATE
2025-12-09,GTBENCLAVE
2025-12-06,KASHMERIGATE
2025-12-06,KASHMERIGATE
2025-12-06,KASHMERIGATE
2025-12-06,KASHMERIGATE
2025-12-01,KASHMERIGATE
2025-11-26,GHAZIPUR
2025-12-07,SEELAMPUR
2025-12-10,PAHARGANJ
2025-12-11,SAMAIPURBADLI
2025-10-29,TILAKNAGAR
2025-12-07,PUNJABIBAGH
2025-12-09,BADARPUR
2024-12-02,PASCHIMVIHARWEST
2025-12-12,NORTHAVENUE
2025-12-11,SAFDARJUNGENCLAVE
2025-12-11,KNKATJUMARG
2025-12-13,MALVIYANAGAR
2025-12-08,KASHMERIGATE
2025-12-08,KASHMERIGATE
2025-11-30,HARINAGAR
2025-11-30,HARINAGAR
2025-12-10,KASHMERIGATE
2025-12-01,VIJAYVIHAR
2025-12-05,KASHMERIGATE
2025-10-10,SAFDARJUNGENCLAVE
2025-12-14,SUBZIMANDI
2025-12-13,NANDNAGRI
2025-12-14,ANANDVIHARRLYSTN
2025-12-15,NORTHROHINI
2025-12-13,OKHLAINDUSTRIALAREA
2025-12-15,UTTAMNAGAR
2025-12-11,NANGLOI
2025-12-16,CIVILLINES
2025-12-16,CIVILLINES
2025-12-16,PARLIAMENTSTREET
2025-08-12,LAHORIGATE
2024-08-05,NEWFRIENDSCOLONY
2025-12-13,KARAWALNAGAR
2025-12-10,KOTWALI
2025-12-17,KASHMERIGATE
2025-12-12,NANDNAGRI
2025-12-16,SAFDARJUNGENCLAVE
2025-12-16,DWARKASOUTH
2025-12-12,NANDNAGRI
2025-11-28,DELHICANTT
2025-12-17,IGIAIRPORTMETRO
2024-05-26,SUBHASHPLACE
2024-05-26,SUBHASHPLACE
2025-12-09,OKHLAINDUSTRIALAREA
2025-12-11,SHASTRIPARK
2025-10-14,KARAWALNAGAR
2025-12-19,LAHORIGATE
2025-10-10,BINDAPUR
2025-12-17,KASHMERIGATE
2025-12-12,BADARPUR
2025-12-21,PASCHIMVIHARWEST
2025-12-22,SHASTRIPARK
2025-11-27,WAZIRABAD
2025-12-16,NANDNAGRI
2025-12-20,ANANDVIHARRLYSTN
2025-12-17,NEWUSMANPUR
2025-12-21,CIVILLINES
2025-12-23,KHYALA
2025-12-20,GTBENCLAVE
2025-12-17,MAYAPURI
2025-12-20,NEWUSMANPUR
2025-12-22,MAURICENAGAR
2025-12-17,KIRTINAGAR
2025-12-24,KESHAVPURAM
2025-12-22,JAMAMASJID
2025-12-22,MUKHERJEENAGAR
2025-09-24,HARINAGAR
2025-12-23,KASHMERIGATE
2025-12-23,KASHMERIGATE
2025-12-23,KASHMERIGATE
2025-12-24,CIVILLINES
2025-12-25,NORTHROHINI
2025-12-21,SHALIMARBAGH
2025-12-25,CHANDNIMAHAL
2025-12-25,PAHARGANJ
2025-12-24,PUNJABIBAGH
2025-12-23,PAHARGANJ
2025-12-25,WELCOME
2025-12-25,CIVILLINES
2025-12-22,BADARPUR
2025-12-26,KALKAJI
2025-12-27,KOTWALI
2025-12-27,MANDIRMARG
2025-12-21,ADARSHNAGAR
2025-12-25,MODELTOWN
2025-12-28,SULTANPURI
2025-11-24,PASCHIMVIHARWEST
2025-12-10,ANANDPARBAT
2025-12-17,KOTWALI
2025-12-28,FATEHPURBERI
2025-12-26,NEWUSMANPUR
2025-11-28,RANHOLA
2025-12-30,MOTINAGAR
2025-12-30,MOTINAGAR
2025-12-28,HAUZKHAS
2025-12-13,KAMLAMARKET
2025-12-13,KAMLAMARKET
2025-12-13,KAMLAMARKET
2025-12-13,KAMLAMARKET
2025-12-13,KAMLAMARKET
2025-12-13,KAMLAMARKET
2025-12-13,KAMLAMARKET
2025-12-13,KAMLAMARKET
2025-12-13,KAMLAMARKET
2025-12-29,BURARI
2025-12-29,PUNJABIBAGH
2025-12-29,KOTWALI
2025-12-30,KASHMERIGATE
2025-12-23,KASHMERIGATE
2025-12-29,KASHMERIGATE
2025-12-29,KASHMERIGATE
2025-12-31,CIVILLINES
2025-12-31,DARYAGANJ
2025-12-31,DARYAGANJ
2026-01-01,SADARBAZAR
2025-12-30,CIVILLINES
2025-12-31,RKPURAM
2025-12-31,SARAIROHILLA
2026-01-02,KAPASHERA
2026-01-01,GANDHINAGAR
2026-01-02,KASHMERIGATE
2026-01-02,SAFDARJUNGENCLAVE
2025-12-31,JAMAMASJID
2025-12-31,JAMAMASJID
2026-01-04,KOTWALI
2026-01-04,CIVILLINES
2026-01-04,SAFDARJUNGENCLAVE
2026-01-04,GULABIBAGH
2026-01-04,SHASTRIPARK
2026-01-03,CIVILLINES
2026-01-02,KASHMERIGATE
2026-01-02,KASHMERIGATE
2026-01-02,KASHMERIGATE
2025-12-20,MANGOLPURI
2026-01-03,CIVILLINES
2026-01-03,MAHENDRAPARK
2026-01-03,IPESTATE
2026-01-05,ANANDVIHARRLYSTN
2026-01-04,JAFFARPURKALAN
2025-10-11,GHAZIPUR
2026-01-04,MAHENDRAPARK
2026-01-06,CIVILLINES
2025-12-08,SUNLIGHTCOLONY
2026-01-06,SONIAVIHAR
2026-01-06,JAMAMASJID
2026-01-05,VASANTKUNJSOUTH
2026-01-05,VASANTKUNJSOUTH
2026-01-08,MANSAROVARPARK
2026-01-07,KOTWALI
2026-01-08,PARLIAMENTSTREET
2026-01-07,CONNAUGHTPLACE
2026-01-09,KOTWALI
2026-01-09,ROOPNAGAR
2025-12-26,HARINAGAR
2026-01-08,GTBENCLAVE
2026-01-09,RKPURAM
2026-01-10,SARAIROHILLA
2026-01-08,SARAIROHILLA
2025-12-25,NEWASHOKNAGAR
2026-01-08,IPESTATE
2026-01-08,MANGOLPURI
2026-01-08,LAJPATNAGAR
2026-01-08,CONNAUGHTPLACE
2025-12-22,LAJPATNAGAR
2026-01-11,MANDIRMARG
2026-01-11,KOTWALI
2026-01-02,KOTWALI
2026-01-10,SUBZIMANDI
2026-01-10,VIKASPURI
2026-01-12,CHANDNIMAHAL
2026-01-12,KALYANPURI
2026-01-10,SAFDARJUNGENCLAVE
2026-01-12,CHANDNIMAHAL
2026-01-12,KASHMERIGATE
2026-01-09,JAHANGIRPURI
2026-01-04,BUDHVIHAR
2025-12-06,RAJOURIGARDEN
2026-01-13,KOTWALI
2026-01-08,SHAHDARA
2026-01-13,OKHLAINDUSTRIALAREA
2026-01-04,SUBZIMANDI
2026-01-13,PATPARGANJINDUSTRIALAREA
2026-01-12,SUBZIMANDI
2026-01-13,LAHORIGATE
2026-01-08,KOTWALI
2025-11-09,KOTWALI
2026-01-07,KOTWALI
2026-01-13,NORTHAVENUE
2026-01-12,KOTWALI
2026-01-10,LAHORIGATE
2026-01-13,SUBZIMANDI
2026-01-13,RAJPARK
2026-01-15,NORTHROHINI
2026-01-14,MAYAPURI
2026-01-15,KASHMERIGATE
2026-01-15,PATPARGANJINDUSTRIALAREA
2026-01-15,SHASTRIPARK
2026-01-15,KASHMERIGATE
2026-01-15,KASHMERIGATE
2026-01-14,BURARI
2026-01-06,FARSHBAZAR
2026-01-02,MOTINAGAR
2026-01-13,GTBENCLAVE
2026-01-15,KOTWALI
2026-01-13,SUNLIGHTCOLONY
2026-01-03,MANGOLPURI
2026-01-03,MANGOLPURI
2026-01-11,KASHMERIGATE
2026-01-04,MAHENDRAPARK
2026-01-14,KOTWALI
2026-01-11,PAHARGANJ
2026-01-17,BARAHINDURAO
2022-08-17,JAFFARPURKALAN
2026-01-13,PALAMVILLAGE
2026-01-16,SARAIROHILLA
2026-01-19,DWARKANORTH
2026-01-19,PAHARGANJ
2026-01-18,KASHMERIGATE
2026-01-16,KASHMERIGATE
2026-01-15,SARAIROHILLA
2026-01-14,NIHALVIHAR
2026-01-17,SAFDARJUNGENCLAVE
2026-01-06,MAHENDRAPARK
2026-01-19,TIMARPUR
2026-01-14,MUNDKA
2026-01-18,BURARI
2026-01-20,AMARCOLONY
2026-01-13,SAFDARJUNGENCLAVE
2025-11-24,HAUZKHAS
2025-11-04,HAUZKHAS
2026-01-16,NEWUSMANPUR
2026-01-16,NEWUSMANPUR
2026-01-16,GTBENCLAVE
2026-01-17,KASHMERIGATE
2026-01-13,KARAWALNAGAR
2026-01-13,KARAWALNAGAR
2026-01-13,KARAWALNAGAR
2026-01-22,LAHORIGATE
2026-01-20,KOTWALI
2026-01-20,MOTINAGAR
2026-01-22,KOTWALI
2026-01-22,PREETVIHAR
2026-01-19,PATPARGANJINDUSTRIALAREA
2026-01-23,KOTWALI
2026-01-18,TILAKNAGAR
2026-01-17,NEWASHOKNAGAR
2026-01-23,KOTWALI
2026-01-11,KOTWALI
2026-01-24,NANGLOI
2026-01-20,KOTWALI
2026-01-23,PRASADNAGAR
2026-01-21,JANAKPURIMETRO
2026-01-24,PATPARGANJINDUSTRIALAREA
2026-01-24,OKHLAINDUSTRIALAREA
2026-01-25,RAJPARK
2026-01-26,KASHMERIGATE
2026-01-25,TILAKNAGAR
2026-01-23,HARINAGAR
2026-01-26,BHALSWADIARY
2026-01-27,BEGUMPUR
2026-01-21,DBGROAD
2026-01-27,ADARSHNAGAR
2026-01-27,GANDHINAGAR
2026-01-24,GTBENCLAVE
2026-01-28,CONNAUGHTPLACE
2026-01-30,CONNAUGHTPLACE
2026-01-29,KIRTINAGAR
2026-01-27,KASHMERIGATE
2026-01-15,KRISHNANAGAR
2026-01-30,PATPARGANJINDUSTRIALAREA
2025-12-31,DARYAGANJ
2026-01-30,NEWASHOKNAGAR
2026-01-31,MOTINAGAR
2026-01-30,JAMAMASJID
2026-01-26,KAMLAMARKET
2026-01-28,KAMLAMARKET
2026-01-16,KASHMERIGATE
2026-01-31,BARAKHAMBAROAD
2026-01-24,LAHORIGATE
2026-02-01,KOTWALI
2026-01-31,KALANDIKUNJ
2026-02-02,KOTWALI
2025-12-15,MANGOLPURI
2025-12-15,MANGOLPURI
2025-12-04,MANGOLPURI
2026-02-01,KAPASHERA
2026-02-02,KIRTINAGAR
2026-02-02,KIRTINAGAR
2026-01-24,NARELAINDUSTRIALAREA
2026-02-02,IPESTATE
2026-02-02,IPESTATE
2026-02-02,CIVILLINES
2026-01-31,LAJPATNAGAR
2026-02-02,SUBZIMANDI
2026-02-02,NORTHAVENUE
2026-01-28,NANGLOI
2026-02-04,SUNLIGHTCOLONY
2026-02-03,CIVILLINES
2026-01-29,LAHORIGATE
2026-02-03,AMARCOLONY
2026-02-03,ROOPNAGAR
2026-02-01,NARAINA
2026-02-02,KALKAJI
2026-02-02,KALKAJI
2026-02-05,ANANDVIHARRLYSTN
2026-02-05,NARELA
2026-02-04,ADARSHNAGAR
2026-02-03,SAFDARJUNGENCLAVE
2026-02-02,KOTWALI
2026-02-04,BEGUMPUR
2026-01-30,KASHMERIGATE
2026-01-30,SAFDARJUNGENCLAVE
2026-01-28,SAFDARJUNGENCLAVE
2026-01-31,SAFDARJUNGENCLAVE
2026-02-04,KOTWALI
2026-02-05,MANGOLPURI
2026-02-07,MUKHERJEENAGAR
2026-02-07,PASCHIMVIHARWEST
2026-02-07,KOTWALI
2026-02-07,KOTWALI
2026-01-26,PALAMVILLAGE
2026-02-06,ALIPUR
2026-02-08,ALIPUR
2026-02-02,MAHENDRAPARK
2026-02-02,MAHENDRAPARK
2026-02-07,MUKHERJEENAGAR
2026-02-09,DARYAGANJ
2026-02-09,DARYAGANJ
2026-02-09,KALYANPURI
2026-02-09,KASHMERIGATE
2026-02-08,KASHMERIGATE
2026-02-08,KASHMERIGATE
2026-02-08,SUNLIGHTCOLONY
2026-02-09,GANDHINAGAR
2026-02-09,LAHORIGATE
2026-02-08,SAMAIPURBADLI
2026-02-10,KASHMERIGATE
2026-02-11,BADARPUR
2026-02-01,FARSHBAZAR
2026-02-11,KOTWALI
2026-02-10,SAKET
2025-12-28,RAJOURIGARDEN
2026-02-11,PRASHANTVIHAR
2026-02-11,UTTAMNAGAR
2026-02-11,SAFDARJUNGENCLAVE
2026-02-13,MAURICENAGAR
2026-02-13,KNKATJUMARG
2026-02-13,KOTWALI
2026-02-13,NEWASHOKNAGAR
2026-02-10,BADARPUR
2026-02-12,ADARSHNAGAR
2026-02-12,MUKHERJEENAGAR
2025-12-18,SAFDARJUNGENCLAVE
2026-02-13,SAFDARJUNGENCLAVE
2026-02-14,SUBZIMANDI
2026-02-13,WAZIRABAD
2026-02-12,SAFDARJUNGENCLAVE
2026-02-12,PATPARGANJINDUSTRIALAREA
2026-02-15,MAYAPURI
2026-02-15,SAFDARJUNGENCLAVE
2026-02-16,CIVILLINES
2026-02-16,SAMAIPURBADLI
2026-02-15,KOTWALI
2026-02-17,NAJAFGARH
2026-02-15,KASHMERIGATE
2026-02-12,KALKAJI
2026-02-05,SEELAMPUR
2026-01-30,AMANVIHAR
2026-02-17,KOTWALI
2026-02-18,SOROJININAGAR
2026-02-19,SADARBAZAR
2026-02-19,SUBZIMANDI
2026-02-16,KOTWALI
2026-02-18,KNKATJUMARG
2026-02-12,AMARCOLONY
2026-02-19,LAHORIGATE
2026-02-20,MANGOLPURI
2026-02-20,JANAKPURIMETRO
2026-02-20,NEWASHOKNAGAR
2026-02-22,BHARATNAGAR
2026-02-21,CHHAWALA
2026-02-21,DBGROAD
2026-02-15,PAHARGANJ
2026-02-10,SHAHBADDIARY
2026-01-12,NANGLOI
2026-02-18,MUKHERJEENAGAR
2026-02-23,KASHMERIGATE
2026-02-22,KASHMERIGATE
2026-02-21,ANANDVIHARRLYSTN
2026-02-15,DARYAGANJ
2026-02-21,SARAIROHILLA
2026-02-21,SARAIROHILLA
2026-02-21,SARAIROHILLA
2026-02-21,SARAIROHILLA
2026-02-24,MAHENDRAPARK
2026-02-23,JAHANGIRPURI
2026-02-24,SUBZIMANDI
2026-02-23,WAZIRABAD
2026-02-21,KNKATJUMARG
2026-02-22,IPESTATE
2026-02-25,SULTANPURI
2026-02-25,SAMAIPURBADLI
2026-02-24,SEELAMPUR
2026-02-24,JANAKPURIMETRO
2026-02-22,NARELAINDUSTRIALAREA
2026-02-26,NABIKARIM
2026-02-25,SARAIROHILLA
2026-02-27,HAUZKHAS
2026-02-24,GTBENCLAVE
2026-02-26,KASHMERIGATE
2026-02-26,KOTWALI
2026-02-27,SEELAMPUR
2026-02-17,BINDAPUR
2026-02-27,KOTWALI
2026-02-19,KOTWALI
2026-02-23,KOTWALI
2026-02-14,SUNLIGHTCOLONY
2026-02-14,SUNLIGHTCOLONY
2026-02-01,SARAIROHILLA
2026-02-28,SAFDARJUNGENCLAVE
2026-03-28,BADARPUR
2026-02-02,BUDHVIHAR
2026-03-03,MOTINAGAR
2026-02-28,TILAKNAGAR
2026-03-03,RANIBAGH
2026-03-03,JAHANGIRPURI
2026-02-24,JAHANGIRPURI
2026-02-24,JAHANGIRPURI
2026-02-19,SUNLIGHTCOLONY
2026-03-03,KNKATJUMARG
2026-03-04,SHASTRIPARK
2026-03-02,SARAIROHILLA
2026-03-03,GULABIBAGH
2026-03-05,ANANDVIHARRLYSTN
2026-03-05,NORTHAVENUE
2026-03-04,SUNLIGHTCOLONY
2026-03-04,SUNLIGHTCOLONY
2026-03-04,SUNLIGHTCOLONY
2026-03-04,SUNLIGHTCOLONY
2026-03-04,SUNLIGHTCOLONY
2026-03-04,SUNLIGHTCOLONY
2026-03-04,SUNLIGHTCOLONY
2026-03-04,SUNLIGHTCOLONY
2026-03-04,SUNLIGHTCOLONY
2026-03-04,BHARATNAGAR
2026-03-04,SAFDARJUNGENCLAVE
2026-03-05,SWARUPNAGAR
2026-03-03,KASHMERIGATE
2026-02-20,KASHMERIGATE
2026-03-04,SUBZIMANDI
2026-03-02,ADARSHNAGAR
2026-03-03,JAHANGIRPURI
2026-03-05,KAROLBAGH
2026-03-08,MAYAPURI
2026-03-08,PATPARGANJINDUSTRIALAREA
2026-03-04,KASHMERIGATE
2026-03-06,KASHMERIGATE
2026-03-08,DBGROAD
2026-03-08,SUBZIMANDI
2026-03-09,NABIKARIM
2025-09-18,DELHICANTT
2026-03-05,KASHMERIGATE
2026-03-09,CONNAUGHTPLACE
2026-03-10,ALIPUR
2026-03-09,SOROJININAGAR
2026-02-21,PASCHIMVIHARWEST
2026-03-11,DARYAGANJ
2026-03-05,SUBZIMANDI
2026-03-05,MANGOLPURI
2026-03-11,LAHORIGATE
2026-03-05,KALYANPURI
2026-03-12,CIVILLINES
2026-03-13,ANANDVIHARRLYSTN
2026-03-14,NORTHAVENUE
2026-03-14,MAYURVIHARPHI
2026-03-14,SAMAIPURBADLI
2026-02-27,VIJAYVIHAR
2026-03-10,GTBENCLAVE
2026-03-13,KASHMERIGATE
2026-03-08,KASHMERIGATE
2026-03-15,MODELTOWN
2026-03-15,SAFDARJUNGENCLAVE
2026-03-15,SADARBAZAR
2026-03-15,SAFDARJUNGENCLAVE
2026-03-15,SAFDARJUNGENCLAVE
2026-03-15,SAFDARJUNGENCLAVE
2026-03-15,SUBZIMANDI
2026-03-15,CIVILLINES
2026-03-13,GTBENCLAVE
2026-03-10,GTBENCLAVE
2026-03-15,BHARATNAGAR
2026-03-15,BHARATNAGAR
2026-03-15,BHARATNAGAR
2026-03-15,BHARATNAGAR
2026-03-15,BHARATNAGAR
2026-03-15,BHARATNAGAR
2026-03-15,BHARATNAGAR
2026-03-15,BHARATNAGAR
2026-03-15,BHARATNAGAR
2026-03-15,MANDIRMARG
2026-03-06,SARAIROHILLA
2026-03-09,PASCHIMVIHARWEST
2026-03-15,LAHORIGATE
2026-03-15,MOTINAGAR
2026-03-17,ROOPNAGAR
2026-03-16,SAFDARJUNGENCLAVE
2026-03-05,KOTWALI
2026-03-05,KOTWALI
2026-03-14,TIMARPUR
2026-03-18,KASHMERIGATE
2026-03-16,MAYURVIHARPHI
2026-01-20,SUNLIGHTCOLONY
2026-03-19,CIVILLINES
2026-03-18,ANANDVIHARRLYSTN
2026-03-18,ANANDVIHARRLYSTN
2026-03-16,MOTINAGAR
2026-03-20,SUBZIMANDI
2026-02-02,TIMARPUR
2026-03-10,TIMARPUR
2026-03-17,TILAKMARG
2026-03-18,RANHOLA
2026-03-21,KASHMERIGATE
2026-03-20,ALIPUR
2026-03-21,IPESTATE
2026-03-22,BARAKHAMBAROAD
2026-03-22,LAHORIGATE
2026-03-21,NEWASHOKNAGAR
2026-03-21,TILAKMARG
2026-03-21,TILAKMARG
2026-03-19,BADARPUR
2026-03-23,MANDIRMARG
2026-03-18,KOTWALI
2026-03-17,SHAKARPUR
2026-03-20,ADARSHNAGAR
2026-03-24,ANANDVIHARRLYSTN
2026-03-23,KHAJURIKHAS
2026-03-19,GTBENCLAVE
2026-02-23,BINDAPUR
2026-03-17,BINDAPUR
2026-03-01,BINDAPUR
2026-03-22,KOTWALI
2025-12-31,MEHRAULI
2026-03-19,MANDIRMARG
2026-03-24,IPESTATE
2026-03-24,KOTWALI
2026-03-14,KOTWALI
2026-03-25,SAFDARJUNGENCLAVE
2026-03-25,SAFDARJUNGENCLAVE
2026-03-21,SAFDARJUNGENCLAVE
2026-03-22,KOTWALI
2026-03-26,NEWASHOKNAGAR
2026-01-27,SHASTRIPARK
2025-12-24,PANDAVNAGAR
2026-03-26,SAFDARJUNGENCLAVE
2026-03-18,LAHORIGATE
2026-03-25,SEELAMPUR
2026-03-28,CHHAWALA
2026-03-28,CHHAWALA
2026-03-28,SUBHASHPLACE
2026-03-23,KASHMERIGATE
2023-03-22,NORTHROHINI
2026-03-26,KASHMERIGATE
2026-03-27,CHANKYAPURI
2026-03-28,BEGUMPUR
2026-03-29,CHHAWALA
2026-03-28,NEWUSMANPUR
2026-03-30,MADHUVIHAR
2026-03-24,SADARBAZAR
2026-03-30,SAFDARJUNGENCLAVE
2026-03-31,PARLIAMENTSTREET
2026-03-31,DARYAGANJ
2026-03-29,PAHARGANJ
2026-03-28,RAJOURIGARDEN
2026-03-30,BARAHINDURAO
2025-02-25,MANGOLPURI
2025-02-25,MANGOLPURI
2026-03-30,SOUTHCAMPUS
2026-03-30,SOUTHCAMPUS
2026-03-31,KAMLAMARKET
2026-04-01,ANANDVIHARRLYSTN
2026-03-27,LAHORIGATE
2026-03-27,LAHORIGATE
2026-03-27,LAHORIGATE
2026-03-27,LAHORIGATE
2026-03-27,LAHORIGATE
2026-03-27,LAHORIGATE
2026-03-27,LAHORIGATE
2026-03-27,LAHORIGATE
2026-03-27,LAHORIGATE
2026-03-27,LAHORIGATE
2026-03-27,LAHORIGATE
2026-03-27,LAHORIGATE
2026-03-27,LAHORIGATE
2026-03-27,LAHORIGATE
2026-03-27,LAHORIGATE
2026-03-27,LAHORIGATE
2026-03-27,LAHORIGATE
2026-03-27,LAHORIGATE
2026-03-27,LAHORIGATE
2026-03-27,LAHORIGATE
2026-03-27,LAHORIGATE
2026-03-27,LAHORIGATE
2026-03-27,LAHORIGATE
2026-03-27,LAHORIGATE
2026-03-27,LAHORIGATE
2026-03-27,LAHORIGATE
2026-03-27,LAHORIGATE
2026-03-27,LAHORIGATE
2026-03-27,LAHORIGATE
2026-03-27,LAHORIGATE
2026-03-27,LAHORIGATE
2026-03-27,LAHORIGATE
2026-03-27,LAHORIGATE
2026-03-27,LAHORIGATE
2026-03-27,LAHORIGATE
2026-03-27,LAHORIGATE
2026-03-27,LAHORIGATE
2026-04-01,NEWFRIENDSCOLONY
2026-04-02,KOTWALI
2026-04-02,KOTWALI
2025-05-26,ANANDVIHARRLYSTN
2025-05-31,ANANDVIHARRLYSTN
2026-04-02,PAHARGANJ
2026-04-02,PAHARGANJ
2026-03-31,LAHORIGATE
2026-03-28,NARELA
2026-04-03,CONNAUGHTPLACE
2026-02-25,PATPARGANJINDUSTRIALAREA
2026-04-01,GTBENCLAVE
2026-03-29,GTBENCLAVE
2026-04-03,RAJPARK
2026-04-03,RAJPARK
2026-04-03,RAJPARK
2026-04-03,RAJPARK
2026-04-03,RAJPARK
2026-04-03,RAJPARK
2026-04-03,RAJPARK
2026-04-03,RAJPARK
2026-04-03,RAJPARK
2026-04-03,RAJPARK
2026-04-03,RAJPARK
2026-04-03,RAJPARK
2026-04-03,RAJPARK
2026-04-03,RAJPARK
2026-04-04,MOTINAGAR
2026-04-02,IPESTATE
2026-04-05,CONNAUGHTPLACE
2026-04-05,CONNAUGHTPLACE
2026-04-01,GOVINDPURI
2026-03-17,KOTWALI
2026-03-17,KOTWALI
2026-03-28,MUKHERJEENAGAR
2026-04-02,NANDNAGRI
2026-04-05,DBGROAD
2026-04-05,CIVILLINES
2026-04-05,CIVILLINES
2026-03-24,DAYALPUR
2026-04-03,GTBENCLAVE
2026-03-27,NARELA
2026-04-05,JAMAMASJID
2026-04-04,SAFDARJUNGENCLAVE
2026-01-28,NAJAFGARH
2025-12-06,NAJAFGARH
2026-04-08,SAFDARJUNGENCLAVE
2026-04-08,SAFDARJUNGENCLAVE
2026-04-08,PREETVIHAR
2026-04-08,PREETVIHAR
2026-04-08,PREETVIHAR
2026-04-08,PREETVIHAR
2026-04-08,PREETVIHAR
2026-04-08,PREETVIHAR
2026-04-08,PREETVIHAR
2026-04-08,PREETVIHAR
2026-04-08,PREETVIHAR
2026-04-08,PREETVIHAR
2026-04-08,PREETVIHAR
2026-04-08,PREETVIHAR
2026-04-08,PREETVIHAR
2026-04-08,PREETVIHAR
2026-04-08,PREETVIHAR
2026-04-08,PREETVIHAR
2026-04-08,PREETVIHAR
2026-04-08,PREETVIHAR
2026-04-08,PREETVIHAR
2026-04-08,PREETVIHAR
2026-04-08,SAFDARJUNGENCLAVE
2026-03-31,DAYALPUR
2026-04-07,ANANDVIHARRLYSTN
2026-04-08,TILAKNAGAR
2026-04-06,KAMLAMARKET
2026-04-03,AMANVIHAR
2026-04-09,KOTWALI
2026-02-20,MANGOLPURI
2026-04-07,SAMAIPURBADLI
2026-03-23,NAJAFGARH
2026-04-07,LAHORIGATE
2026-04-05,SARITAVIHAR
2026-04-05,SARITAVIHAR
2026-04-05,SARITAVIHAR
2026-04-05,SARITAVIHAR
2026-04-11,AMARCOLONY
2026-04-10,KOTWALI
2026-04-11,SUBZIMANDI
2026-04-11,KASHMERIGATE
2026-04-11,SAFDARJUNGENCLAVE
2026-03-03,VIVEKVIHAR
2026-04-05,GTBENCLAVE
2026-04-10,MANDIRMARG
2026-04-11,MOTINAGAR
2026-04-12,JAMAMASJID
2026-04-13,MOTINAGAR
2026-04-04,GTBENCLAVE
2026-04-14,KOTWALI
2026-04-01,BHARATNAGAR
2026-04-15,DBGROAD
2026-04-14,WAZIRABAD
2026-04-15,BARAHINDURAO
2026-04-11,KRISHNANAGAR
2026-03-16,NANDNAGRI
2026-03-24,PASCHIMVIHAREAST
2026-02-21,NANGLOI
2026-04-16,KAMLAMARKET
2026-04-16,GULABIBAGH
2026-04-13,KASHMERIGATE
2026-04-14,KASHMERIGATE
2026-04-16,KASHMERIGATE
2026-04-13,SARAIROHILLA
2026-04-16,KASHMIRIGATEMETRO
2026-04-16,SHASTRIPARK
2026-04-17,JAITPUR
2026-04-17,NANGLOI
2026-04-18,SHASTRIPARK
2026-04-13,KALYANPURI
2026-04-10,PRASHANTVIHAR
2026-04-10,PRASHANTVIHAR
2026-04-19,SUBZIMANDI
2026-04-19,TILAKNAGAR
2026-04-18,MODELTOWN
2026-04-18,MODELTOWN
2026-04-18,MODELTOWN
2026-04-10,SHAHBADDIARY
2026-04-09,SHAHBADDIARY
2026-04-19,KOTWALI
2026-04-13,KASHMERIGATE
2026-04-16,SARAIROHILLA
2026-04-16,SARAIROHILLA
2026-04-21,CIVILLINES
2026-04-19,MAIDANGARHI
2026-04-05,GREATERKAILASH
2026-04-21,SARAIROHILLA
2026-02-10,PASCHIMVIHAREAST
2026-04-20,IPESTATE
2026-04-20,TIMARPUR
2026-04-17,KASHMERIGATE
2026-04-15,KASHMERIGATE
2026-04-17,SHASTRIPARK
2026-04-19,SHAHBADDIARY
2026-04-22,IPESTATE
2026-04-22,GTBENCLAVE
2026-04-12,RAJPARK
2026-04-20,MUNDKA
2026-04-20,MUNDKA
2026-04-20,MUNDKA
2026-04-20,MUNDKA
2026-04-20,MUNDKA
2026-04-23,PUNJABIBAGH
2026-04-23,CIVILLINES
2026-04-24,JANAKPURI
2026-04-23,KASHMERIGATE
2026-04-22,LAHORIGATE
2026-04-16,LAHORIGATE
2026-02-13,AMANVIHAR
2026-04-25,TILAKNAGAR
2026-04-24,CHITRANJANPARK
2026-04-19,DELHICANTT
2026-04-24,TILAKMARG
2026-04-24,TUGHLAKROAD
2026-04-24,TUGHLAKROAD
2026-04-24,TUGHLAKROAD
2026-04-24,TUGHLAKROAD
2026-04-24,TUGHLAKROAD
2026-02-01,MOTINAGAR
2026-04-06,RANJITNAGAR
2026-04-24,IPESTATE
2026-04-25,NORTHAVENUE
2026-04-27,GTBENCLAVE
2026-04-26,ANANDVIHARRLYSTN
2026-04-26,ANANDVIHARRLYSTN
2026-05-27,KOTWALI
2026-04-28,TIMARPUR
2026-04-28,MUKHERJEENAGAR
2026-04-28,PATELNAGAR
2026-04-22,SUNLIGHTCOLONY
2026-04-28,PARLIAMENTSTREET
2026-04-23,SAFDARJUNGENCLAVE
2026-04-26,KASHMERIGATE
2026-04-16,KOTWALI
2026-04-25,KOTWALI
2026-04-25,DBGROAD
2026-04-29,MUNDKA
2026-04-29,SAFDARJUNGENCLAVE
2026-04-28,CIVILLINES
2026-04-27,BAWANA
2026-04-27,KOTWALI
2026-04-28,NANDNAGRI
2026-04-26,KASHMERIGATE
2026-04-29,BHALSWADIARY
2026-04-29,NORTHAVENUE
2026-04-29,BHALSWADIARY
2026-04-30,KASHMERIGATE
2026-04-30,BURARI
2026-05-02,SAMAIPURBADLI
2026-04-24,CIVILLINES
2026-05-02,GREATERKAILASH
2026-05-02,GREATERKAILASH
2026-04-24,DARYAGANJ
2026-04-30,ANANDVIHARRLYSTN
2026-05-01,DARYAGANJ
2026-04-30,SAFDARJUNGENCLAVE
2026-05-01,KNKATJUMARG
2026-05-04,CIVILLINES
2026-05-03,CIVILLINES
2026-04-30,IPESTATE
2026-05-02,KASHMERIGATE
2026-04-30,SEELAMPUR
2026-04-28,NANDNAGRI
2026-05-02,JANAKPURI
2026-04-30,SEELAMPUR
2026-05-04,KOTWALI
2026-05-04,KNKATJUMARG
2026-05-06,WELCOME
2026-05-05,SUBZIMANDI
2026-04-29,KOTWALI
2026-05-01,KOTWALI
2026-05-06,IPESTATE
2026-05-05,NEWUSMANPUR
2026-05-02,NORTHROHINI
2025-05-06,NORTHROHINI
2026-05-07,NORTHAVENUE
2026-05-08,GTBENCLAVE
2026-05-05,SAFDARJUNGENCLAVE
2026-05-01,LAHORIGATE
2026-04-28,LAHORIGATE
2026-05-06,KALKAJI
2026-05-06,LODICOLONY
2026-05-06,LODICOLONY
2026-05-08,SAMAIPURBADLI
2026-05-08,SAMAIPURBADLI
2026-05-06,MAYAPURI
2026-05-05,NEWFRIENDSCOLONY
2026-05-09,PATELNAGAR
2026-05-08,SADARBAZAR
2026-05-09,CIVILLINES
2026-05-10,KOTWALI
2026-05-01,KAPASHERA
2026-05-08,DARYAGANJ
2026-05-10,JAHANGIRPURI
2026-04-22,TIMARPUR
2026-05-11,IPESTATE
2026-05-11,IPESTATE
2026-05-11,IPESTATE
2026-05-10,IPESTATE
2026-05-11,MUKHERJEENAGAR
2026-05-01,SUBHASHPLACE
2026-05-10,CHANDNIMAHAL
2026-05-11,CHANDNIMAHAL
2026-05-11,CHANKYAPURI
2026-05-11,CHANKYAPURI
2026-04-18,PASCHIMVIHARWEST
2026-05-13,LAHORIGATE
2026-05-05,IPESTATE
2026-05-09,KALYANPURI
2026-05-12,GTBENCLAVE
2026-05-12,WELCOME
2026-05-14,ANANDVIHARRLYSTN
2026-05-12,DARYAGANJ
2026-05-14,GTBENCLAVE
2026-05-08,MANGOLPURI
2026-05-08,MANGOLPURI
2026-05-08,MANGOLPURI
2026-05-08,MANGOLPURI
2026-05-08,MANGOLPURI
2026-05-14,IPESTATE
2026-05-13,KASHMERIGATE
2026-05-07,CHHAWALA
2026-05-14,WAZIRABAD
2026-05-08,HAUZQAZI
2026-05-14,SUNLIGHTCOLONY
2026-02-14,MAIDANGARHI
2026-05-11,MAHENDRAPARK
2026-05-16,KNKATJUMARG
2026-05-16,CIVILLINES
2026-05-11,CIVILLINES
2026-05-11,CIVILLINES
2026-05-15,KIRTINAGAR
2026-05-16,KALANDIKUNJ
2026-05-16,KALANDIKUNJ
2026-05-14,KOTWALI
2026-05-15,TIMARPUR
2026-05-16,MOTINAGAR
2026-05-17,WELCOME
2026-05-17,WELCOME
2026-05-17,WELCOME
2026-05-17,WELCOME
2026-05-17,WELCOME
2026-05-17,WELCOME
2026-05-17,WELCOME
2026-05-17,WELCOME
2026-05-17,WELCOME
2026-05-17,WELCOME
2026-05-17,WELCOME
2026-05-17,WELCOME
2026-05-17,WELCOME
2026-05-17,WELCOME
2026-05-17,WELCOME
2026-05-17,WELCOME
2026-05-17,WELCOME
2026-05-17,WELCOME
2026-05-17,WELCOME
2026-05-17,WELCOME
2026-05-17,WELCOME
2026-05-17,WELCOME
2026-05-17,WELCOME
2026-05-17,WELCOME
2026-05-17,WELCOME
2026-05-17,WELCOME
2026-05-17,WELCOME
2026-05-17,WELCOME
2026-05-17,WELCOME
2026-05-17,WELCOME
2026-05-17,WELCOME
2026-05-17,WELCOME
2026-05-17,WELCOME
2026-04-21,SHAKARPUR
2026-05-17,GULABIBAGH
2026-04-24,PALAMVILLAGE
2026-05-11,KASHMERIGATE
2026-05-17,PALAMVILLAGE
2026-05-15,SAFDARJUNGENCLAVE
2026-05-15,SAFDARJUNGENCLAVE
2026-05-15,SAFDARJUNGENCLAVE
2026-05-15,SAFDARJUNGENCLAVE
2026-05-15,SAFDARJUNGENCLAVE
2026-05-15,SAFDARJUNGENCLAVE
2026-05-17,KASHMIRIGATEMETRO
2026-05-18,KASHMERIGATE
2026-05-18,KAMLAMARKET
2026-05-18,KAMLAMARKET
2026-05-18,KAMLAMARKET
2026-05-18,KAMLAMARKET
2026-05-18,KAMLAMARKET
2026-05-18,KAMLAMARKET
2026-05-18,KAMLAMARKET
2026-05-13,ALIPUR
2026-05-13,ALIPUR
2026-05-13,ALIPUR
2026-05-13,ALIPUR
2026-05-13,ALIPUR
2026-05-13,ALIPUR
2026-05-13,ALIPUR
2026-05-13,ALIPUR
2026-05-13,ALIPUR
2026-05-13,ALIPUR
2026-05-13,ALIPUR
2026-05-17,ANANDVIHARRLYSTN
2026-05-18,CIVILLINES
2026-05-19,NEWASHOKNAGAR
2026-05-19,MANDIRMARG
2026-05-16,BADARPUR
2026-05-16,BADARPUR
2026-05-16,BADARPUR
2026-05-16,BADARPUR
2026-05-19,VIJAYVIHAR
2026-05-20,LAHORIGATE
2026-05-19,SARAIROHILLA
2026-05-13,MANGOLPURI
2026-05-19,NABIKARIM
2026-05-20,ANANDPARBAT
2026-05-20,ANANDPARBAT
2025-06-12,HAUZKHAS
2026-05-20,ANANDVIHARRLYSTN
2026-05-09,GTBENCLAVE
2026-05-20,MOTINAGAR
2026-05-20,MOTINAGAR
2026-05-20,MOTINAGAR
2026-05-20,MOTINAGAR
2026-05-20,MOTINAGAR
2026-05-20,MOTINAGAR
2026-05-19,SUNLIGHTCOLONY
2026-05-03,HAUZKHAS
2026-01-17,HAUZKHAS
2026-05-19,SHASTRIPARK
2025-12-14,HAUZKHAS
2026-05-21,ANANDVIHARRLYSTN
2026-05-16,NORTHAVENUE
2026-05-16,PAHARGANJ
2026-05-22,AMBEDKARNAGAR
2026-05-21,ADARSHNAGAR
2026-05-22,KOTWALI
2026-05-21,WAZIRABAD
2026-05-17,MAYURVIHARPHI
2026-05-19,IPESTATE
2026-05-22,SHAKARPUR
2026-05-19,DELHICANTT
2026-05-18,NEWUSMANPUR
2026-05-21,PANDAVNAGAR
2026-05-21,BHARATNAGAR
2026-05-23,SAMAIPURBADLI
2026-05-15,PULPRAHLADPUR
2026-05-22,CIVILLINES
2026-05-21,KASHMERIGATE
2026-05-23,OKHLAINDUSTRIALAREA
2026-05-23,OKHLAINDUSTRIALAREA
2026-05-24,JAMAMASJID
2026-05-23,JAMAMASJID
2026-05-23,JAMAMASJID
2026-05-13,RAJOURIGARDEN
2026-05-24,MAYURVIHARPHI
2026-05-23,MAURICENAGAR
2026-05-24,MAYURVIHARPHI
2026-05-22,PAHARGANJ
2026-05-23,RAJPARK
2026-05-24,ANANDVIHARRLYSTN
2026-05-22,CHANDNIMAHAL
2026-05-24,PATPARGANJINDUSTRIALAREA
2026-05-22,SWARUPNAGAR
2026-05-24,LODICOLONY
2026-05-26,KASHMERIGATE
2026-05-26,MOTINAGAR
2026-05-25,PREMNAGAR
2026-05-23,KIRTINAGAR
2026-05-26,DWARKASOUTH
2026-05-25,KASHMERIGATE
2026-05-27,CHANDNIMAHAL
2026-05-12,LAHORIGATE
2026-05-27,KOTWALI
2026-05-27,ANANDVIHARRLYSTN
2026-04-24,KOTWALI
2026-05-21,LAHORIGATE
2026-05-21,LAHORIGATE
2026-05-21,LAHORIGATE
2026-05-25,GTBENCLAVE
2026-05-26,DARYAGANJ
2026-05-26,DARYAGANJ
2026-05-26,DARYAGANJ
2026-05-26,DARYAGANJ
2026-05-26,DARYAGANJ
2026-05-26,DARYAGANJ
2026-05-26,DARYAGANJ
2026-05-26,DARYAGANJ
2026-05-26,DARYAGANJ
2026-05-26,DARYAGANJ
2026-05-26,DARYAGANJ
2026-05-26,DARYAGANJ
2026-05-26,DARYAGANJ
2026-05-26,DARYAGANJ
2026-05-26,DARYAGANJ
2026-05-26,DARYAGANJ
2026-05-26,DARYAGANJ
2026-05-26,DARYAGANJ
2026-05-26,DARYAGANJ
2026-05-26,DARYAGANJ
2026-05-26,DARYAGANJ
2026-05-26,DARYAGANJ
2026-05-26,DARYAGANJ
2026-05-26,DARYAGANJ
2026-05-26,DARYAGANJ
2026-05-26,DARYAGANJ
2026-05-27,DBGROAD
2026-05-27,DBGROAD
2026-04-23,NARELA
2026-05-12,MANGOLPURI
2026-05-12,MANGOLPURI
2026-05-12,MANGOLPURI
2026-05-12,MANGOLPURI
2026-05-12,MANGOLPURI
2026-05-12,MANGOLPURI
2026-05-12,MANGOLPURI
2026-05-12,MANGOLPURI
2026-05-23,SUNLIGHTCOLONY
2026-05-25,KASHMERIGATE
2026-05-01,SUNLIGHTCOLONY
2026-05-19,IPESTATE
2026-05-17,SUNLIGHTCOLONY
2026-05-17,SUNLIGHTCOLONY
2026-05-27,MAHENDRAPARK
2026-05-27,MAHENDRAPARK
2026-05-27,MAHENDRAPARK
2026-05-27,SARAIROHILLA
2026-02-20,RAJOURIGARDEN
2026-02-20,RAJOURIGARDEN
2026-05-28,PATPARGANJINDUSTRIALAREA
2026-05-28,PATPARGANJINDUSTRIALAREA
2026-05-28,PATPARGANJINDUSTRIALAREA
2026-05-28,PATPARGANJINDUSTRIALAREA
2026-05-28,PATPARGANJINDUSTRIALAREA
2026-05-28,PATPARGANJINDUSTRIALAREA
2026-05-28,ANANDVIHARRLYSTN
2026-05-27,GHAZIPUR
2026-05-27,GHAZIPUR
2026-05-27,GHAZIPUR
2026-05-27,GHAZIPUR
2026-05-06,PUNJABIBAGH
2026-05-06,PUNJABIBAGH
2026-05-06,PUNJABIBAGH
2026-05-06,PUNJABIBAGH
2026-05-06,PUNJABIBAGH
2026-05-06,PUNJABIBAGH
2026-05-06,PUNJABIBAGH
2026-05-06,PUNJABIBAGH
2026-05-06,PUNJABIBAGH
2026-05-06,PUNJABIBAGH
2026-05-06,PUNJABIBAGH
2026-05-06,PUNJABIBAGH
2026-05-06,PUNJABIBAGH
2026-05-06,PUNJABIBAGH
2026-05-06,PUNJABIBAGH
2026-05-06,PUNJABIBAGH
2026-05-06,PUNJABIBAGH
2026-05-06,PUNJABIBAGH
2026-05-06,PUNJABIBAGH
2026-05-06,PUNJABIBAGH
2026-05-06,PUNJABIBAGH
2026-05-06,PUNJABIBAGH
2026-05-06,PUNJABIBAGH
2026-05-06,PUNJABIBAGH
2026-05-06,PUNJABIBAGH
2026-05-28,PALAMVILLAGE
2026-05-27,KOTWALI
2026-05-24,MUNDKA
2026-04-09,KOTWALI
2026-04-09,KOTWALI
2026-05-27,DBGROAD
2026-05-28,MAHENDRAPARK
2026-02-05,CIVILLINES
2026-05-28,LAXMINAGAR
2026-05-25,SUBZIMANDI
2026-04-28,SUBZIMANDI
2026-05-20,SUBZIMANDI
2026-05-21,SUBZIMANDI
2026-05-25,SUBZIMANDI
2026-05-19,SUBZIMANDI
2026-02-03,SUBZIMANDI
2026-01-30,SUBZIMANDI
2026-05-27,GULABIBAGH
2026-04-25,MANGOLPURI
2026-05-24,SADARBAZAR
2026-05-27,PAHARGANJ
2026-05-27,PAHARGANJ
2026-05-30,BADARPUR
2026-05-30,JAITPUR
2026-05-28,PUNJABIBAGH
2026-05-30,TIMARPUR
2026-05-26,RANJITNAGAR
2026-05-29,RAJOURIGARDEN
2026-05-29,RAJOURIGARDEN
2026-05-08,SAMAIPURBADLI
2026-05-31,ANANDVIHARRLYSTN
2026-06-02,CHANKYAPURI
2026-06-02,CHANKYAPURI
2026-06-02,CHANKYAPURI
2026-06-02,CHANKYAPURI
2026-06-02,CHANKYAPURI
2026-06-02,CHANKYAPURI
2026-06-02,CHANKYAPURI
2026-06-02,CHANKYAPURI
2026-06-02,CHANKYAPURI
2026-06-02,CHANKYAPURI
2026-06-02,CHANKYAPURI
2026-06-02,CHANKYAPURI
2026-06-02,CHANKYAPURI
2026-06-02,CHANKYAPURI
2026-06-02,CHANKYAPURI
2026-06-02,CHANKYAPURI
2026-06-02,CHANKYAPURI
2026-06-02,CHANKYAPURI
2026-06-02,CHANKYAPURI
2026-06-02,CHANKYAPURI
2026-06-02,CHANKYAPURI
2026-06-02,CHANKYAPURI
2026-06-02,CHANKYAPURI
2026-06-02,CHANKYAPURI
2026-06-02,CHANKYAPURI
2026-06-02,CHANKYAPURI
2026-06-02,CHANKYAPURI
2026-06-02,CHANKYAPURI
2026-06-02,CHANKYAPURI
2026-06-02,CHANKYAPURI
2026-06-02,CHANKYAPURI
2026-06-02,CHANKYAPURI
2026-06-02,CHANKYAPURI
2026-06-02,CHANKYAPURI
2026-06-02,CHANKYAPURI
2026-06-02,CHANKYAPURI
2026-06-02,CHANKYAPURI
2026-06-02,CHANKYAPURI
2026-06-02,CHANKYAPURI
2026-06-02,CHANKYAPURI
2026-06-02,CHANKYAPURI
2026-06-29,WELCOME
2026-05-22,INDERPURI
2026-05-22,INDERPURI
2026-05-22,INDERPURI
2026-05-22,INDERPURI
2026-05-22,INDERPURI
2026-05-22,INDERPURI
2026-05-22,INDERPURI
2026-05-22,INDERPURI
2026-05-22,INDERPURI
2026-05-22,INDERPURI
2026-05-22,INDERPURI
2026-05-22,INDERPURI
2026-05-22,INDERPURI
2026-05-22,INDERPURI
2026-05-22,INDERPURI
2026-05-22,INDERPURI
2026-05-22,INDERPURI
2026-05-22,INDERPURI
2026-05-22,INDERPURI
2026-05-22,INDERPURI
2026-05-22,INDERPURI
2026-05-22,INDERPURI
2026-05-22,INDERPURI
2026-05-22,INDERPURI
2026-05-22,INDERPURI
2026-06-01,KAMLAMARKET
2026-06-02,SADARBAZAR
2026-05-31,SHAHDARA
2026-06-02,KASHMERIGATE
2026-06-01,PAHARGANJ
2026-05-27,BADARPUR
2026-06-02,KOTWALI
2026-06-02,KOTWALI
2026-06-02,KOTWALI
2026-06-02,KOTWALI
2026-06-02,KOTWALI
2026-06-02,KOTWALI
2026-06-02,KOTWALI
2026-06-02,KOTWALI
2026-06-02,KOTWALI
2026-06-02,KOTWALI
2026-06-02,KOTWALI
2026-06-02,KOTWALI
2026-06-02,KOTWALI
2026-06-02,KOTWALI
2026-06-02,KOTWALI
2026-06-02,KOTWALI
2026-06-02,KOTWALI
2026-06-02,KOTWALI
2026-06-02,KOTWALI
2026-06-02,KOTWALI
2026-06-02,KOTWALI
2026-06-02,KOTWALI
2026-06-02,KOTWALI
2026-06-02,KOTWALI
2026-06-02,KOTWALI
2026-05-22,LAHORIGATE
2026-06-02,ANANDVIHARRLYSTN
2026-05-22,NANGLOI
2026-06-02,BADARPUR
2026-05-31,KAROLBAGH
2026-06-03,KASHMERIGATE
2026-06-03,CHANDNIMAHAL
2026-05-21,SAFDARJUNGENCLAVE
2026-05-19,SAFDARJUNGENCLAVE
2026-04-06,SARITAVIHAR
2026-04-06,SARITAVIHAR
2026-04-06,SARITAVIHAR
2026-04-06,SARITAVIHAR
2026-05-25,HARINAGAR
2026-05-24,MAYURVIHARPHI
2026-06-03,OKHLAINDUSTRIALAREA
2026-05-29,MANDIRMARG
2026-06-03,KALYANPURI
2026-05-28,SHAHBADDIARY
2026-04-03,PASCHIMVIHARWEST
2026-05-22,PASCHIMVIHARWEST
2026-06-03,AMANVIHAR
2026-06-06,LAHORIGATE
2026-06-06,LAHORIGATE
2026-06-06,LAHORIGATE
2026-06-04,KHAJURIKHAS
2026-06-05,SADARBAZAR
2026-06-05,WAZIRABAD
2026-06-07,BHALSWADIARY
2026-06-07,PRASADNAGAR
2026-06-06,CHANDNIMAHAL
2026-06-06,KASHMERIGATE
2026-06-07,KAPASHERA
2026-06-07,KAPASHERA
2026-06-07,KAPASHERA
2026-06-07,SAMAIPURBADLI
2026-06-08,LAXMINAGAR
2026-06-07,LAHORIGATE
2026-06-06,KOTWALI
2026-06-06,KOTWALI
2026-06-07,KASHMERIGATE
2026-06-08,RKPURAM
2026-06-09,KHYALA
2026-06-06,KHYALA
2026-06-06,KAMLAMARKET
2026-06-07,SAFDARJUNGENCLAVE
2026-06-08,GTBENCLAVE
2026-06-08,CIVILLINES
2026-06-09,PUNJABIBAGH
2026-06-07,SAKET
2026-06-01,MANGOLPURI
2026-06-09,BARAHINDURAO
2026-06-07,AMANVIHAR
2026-05-30,BEGUMPUR
2026-06-06,SEELAMPUR
2026-06-09,KOTWALI
2026-06-11,VASANTKUNJSOUTH
2026-06-11,VASANTKUNJSOUTH
2026-06-10,RAJPARK
2026-06-11,TIMARPUR
2026-06-11,KESHAVPURAM
2026-06-11,DWARKANORTH
2026-06-11,KASHMERIGATE
2026-06-10,NARELA
2026-06-10,KASHMIRIGATEMETRO
2026-06-10,PATPARGANJINDUSTRIALAREA
2026-06-10,WAZIRABAD
2026-06-11,BARAHINDURAO
2026-06-12,MANDIRMARG
2026-06-10,SUNLIGHTCOLONY
2026-06-12,KOTWALI
2026-06-11,MAHENDRAPARK
2026-06-05,SUNLIGHTCOLONY
2026-06-12,DWARKANORTH
2026-06-08,WAZIRABAD
2026-06-09,GTBENCLAVE
2026-06-08,GTBENCLAVE
2026-06-08,GTBENCLAVE
2026-06-08,GTBENCLAVE
2026-06-08,GTBENCLAVE
2026-06-08,GTBENCLAVE
2026-06-10,KRISHNANAGAR
2026-06-10,VASANTKUNJSOUTH
2026-06-12,CONNAUGHTPLACE
2026-06-11,MOHANGARDEN
2026-06-13,LAHORIGATE
2026-06-12,MANGOLPURI
2026-06-12,MANGOLPURI
2026-06-12,MANGOLPURI
2026-06-12,MANGOLPURI
2026-06-12,MANGOLPURI
2026-06-12,MANGOLPURI
2026-06-12,MANGOLPURI
2026-06-12,MANGOLPURI
2026-06-12,MANGOLPURI
2026-06-12,MANGOLPURI
2026-06-12,MANGOLPURI
2026-06-12,MANGOLPURI
2026-06-12,MANGOLPURI
2026-06-12,MANGOLPURI
2026-06-12,MANGOLPURI
2026-06-12,MANGOLPURI
2026-06-12,MANGOLPURI
2026-06-04,KALYANPURI
2026-06-15,KALYANPURI
2026-06-04,SUNLIGHTCOLONY
2025-06-14,PUNJABIBAGH
2026-06-16,CHANDNIMAHAL
2026-06-12,GTBENCLAVE
2026-06-14,KOTWALI
2026-06-15,DARYAGANJ
2026-06-15,DARYAGANJ
2026-06-16,LAHORIGATE
2026-06-07,KASHMERIGATE
2026-06-10,KASHMERIGATE
2026-06-14,SULTANPURI
2026-06-12,ANANDVIHAR
2026-05-21,GOVINDPURI
2026-06-13,SUNLIGHTCOLONY
2026-06-04,SARAIROHILLA
2026-06-10,WELCOME
2026-06-10,WELCOME
2026-06-18,BADARPUR
2026-06-18,SARAIROHILLA
2026-06-08,BURARI
2026-06-18,KAMLAMARKET
2026-06-17,JAHANGIRPURI
2026-06-18,KOTWALI
2026-06-17,SUBZIMANDI
2026-06-17,SUBZIMANDI
2026-06-17,CONNAUGHTPLACE
2026-06-16,PARLIAMENTSTREET
2026-06-14,NEWUSMANPUR
2026-06-16,IPESTATE
2026-06-18,SAMAIPURBADLI
2026-05-21,RANHOLA
2026-06-17,ANANDVIHARRLYSTN
2026-06-16,SEELAMPUR
2026-06-17,SAMAIPURBADLI
2026-06-18,HAUZQAZI
2026-06-18,SEELAMPUR
2026-06-05,MADHUVIHAR
2026-06-21,SUBZIMANDI
2026-06-21,NEWFRIENDSCOLONY
2026-06-21,WELCOME
2026-06-21,BADARPUR
2026-06-21,KASHMERIGATE
2026-06-21,GULABIBAGH
2026-06-21,GULABIBAGH
2026-06-21,HARSHVIHAR
2026-06-23,WELCOME
2026-06-22,FATEHPURBERI
2026-06-17,GHAZIPUR
2026-06-24,LAHORIGATE
2026-06-24,NARELAINDUSTRIALAREA
2026-06-23,WAZIRABAD
2026-05-20,BEGUMPUR
2026-06-22,KASHMERIGATE
2026-06-25,KOTWALI
2026-06-23,FATEHPURBERI
2026-06-26,SAFDARJUNGENCLAVE
2026-06-25,DARYAGANJ
2026-06-26,PANDAVNAGAR
2026-06-14,MAHENDRAPARK
2026-06-14,MAHENDRAPARK
2026-06-14,MAHENDRAPARK
2026-06-14,MAHENDRAPARK
2026-06-14,MAHENDRAPARK
2026-06-14,MAHENDRAPARK
2026-06-14,MAHENDRAPARK
2026-06-14,MAHENDRAPARK
2026-06-14,MAHENDRAPARK
2026-06-14,MAHENDRAPARK
2026-06-14,MAHENDRAPARK
2026-06-14,MAHENDRAPARK
2026-06-23,MAHENDRAPARK
2026-06-27,SAMAIPURBADLI
2026-06-19,KALKAJI
2026-06-27,PREETVIHAR
2026-06-24,ADARSHNAGAR
2026-06-18,CIVILLINES
2026-06-23,BADARPUR
2026-06-25,AMANVIHAR
2026-06-27,SARAIROHILLA
2026-06-28,MADHUVIHAR
2026-06-28,SUBZIMANDI
2026-06-28,SUBZIMANDI
2026-06-28,DARYAGANJ
2026-06-24,NORTHROHINI
2026-06-28,KOTWALI
2026-04-22,SAFDARJUNGENCLAVE
2026-06-29,KOTWALI
2026-06-29,KOTWALI
2026-06-27,KASHMERIGATE
2026-06-28,KASHMERIGATE
2026-06-28,RAJINDERNAGAR
2026-06-28,RAJINDERNAGAR
2026-06-29,KOTWALI
2026-06-30,PAHARGANJ
2026-06-30,LAHORIGATE
2026-06-26,CIVILLINES
2026-06-26,CIVILLINES
2026-06-26,CIVILLINES
2026-06-17,KOTWALI
2026-06-30,LAHORIGATE
2026-06-28,DELHICANTT
2026-06-28,DELHICANTT
2026-06-28,DELHICANTT
2026-06-28,DELHICANTT
2026-06-28,DELHICANTT
2026-06-28,DELHICANTT
2026-06-28,DELHICANTT
2026-06-28,DELHICANTT
2026-06-28,DELHICANTT
2026-06-30,MUKHERJEENAGAR
2026-06-28,LAHORIGATE
2026-06-26,LAHORIGATE
2026-06-29,SADARBAZAR
2026-06-29,MANDIRMARG
2026-06-30,LAHORIGATE
2026-06-29,RANHOLA
2026-07-01,SHALIMARBAGH
2026-06-30,ANANDVIHARRLYSTN
2026-06-30,NARELA
2026-06-30,SWARUPNAGAR
2026-05-20,WAZIRABAD
2026-06-30,JAMAMASJID
2026-06-30,KOTWALI
2026-07-01,IPESTATE
2026-07-01,PARLIAMENTSTREET
2026-06-30,JAHANGIRPURI
2026-07-01,SUBZIMANDI
2026-06-30,SADARBAZAR
2026-07-02,LAHORIGATE
2026-06-23,KASHMERIGATE
2026-07-01,KASHMERIGATE
2026-06-28,KASHMERIGATE
2026-06-28,KASHMERIGATE
2026-06-29,KARAWALNAGAR
2026-07-01,SAMAIPURBADLI
2026-06-29,IPESTATE
2026-07-02,BHAJANPURA
2026-07-03,DWARKASOUTH
2026-06-10,KAMLAMARKET
2026-06-10,KAMLAMARKET
2026-06-10,KAMLAMARKET
2026-06-10,KAMLAMARKET
2026-06-10,KAMLAMARKET
2026-06-10,KAMLAMARKET
2026-06-10,KAMLAMARKET
2026-06-10,KAMLAMARKET
2026-06-10,KAMLAMARKET
2026-05-02,KAMLAMARKET
2026-07-01,NEWUSMANPUR
2026-06-30,GOVINDPURI
2026-06-30,GOVINDPURI
2026-06-30,GOVINDPURI
2026-06-30,GOVINDPURI
2026-06-30,GOVINDPURI
2026-06-30,GOVINDPURI
2026-06-30,GOVINDPURI
2026-06-29,KALYANPURI
2026-06-29,KARAWALNAGAR
2026-07-04,KOTWALI
2026-07-03,CIVILLINES
2026-07-05,DARYAGANJ
2026-07-04,ANANDVIHARRLYSTN
2026-07-05,KHYALA
2026-07-06,SOUTHCAMPUS
2026-07-06,SOUTHCAMPUS
2026-07-06,SOUTHCAMPUS
2026-07-06,SOUTHCAMPUS
2026-07-06,SOUTHCAMPUS
2026-07-06,SOUTHCAMPUS
2026-07-06,SOUTHCAMPUS
2026-07-06,SOUTHCAMPUS
2026-07-06,SOUTHCAMPUS
2026-07-06,SOUTHCAMPUS
2026-07-06,SOUTHCAMPUS
2026-07-06,SOUTHCAMPUS
2026-07-06,SOUTHCAMPUS
2026-07-06,SOUTHCAMPUS
2026-07-06,SOUTHCAMPUS
2026-07-06,SOUTHCAMPUS
2026-07-06,SOUTHCAMPUS
2026-07-06,SOUTHCAMPUS
2026-07-06,SOUTHCAMPUS
2026-07-06,SOUTHCAMPUS
2026-07-06,SOUTHCAMPUS
2026-07-06,SOUTHCAMPUS
2026-07-06,SOUTHCAMPUS
2026-07-06,SOUTHCAMPUS
2026-07-06,SOUTHCAMPUS
2026-07-06,SOUTHCAMPUS
2026-07-06,SOUTHCAMPUS
2026-07-06,SOUTHCAMPUS
2026-07-06,SOUTHCAMPUS
2026-07-06,SOUTHCAMPUS
2026-07-06,GTBENCLAVE
2026-07-04,SHALIMARBAGH
2026-07-06,KASHMERIGATE
2026-07-06,RAJPARK
2026-06-30,SUBHASHPLACE
2026-07-02,SULTANPURI
2026-07-07,KASHMERIGATE
2026-06-28,SUNLIGHTCOLONY
2026-07-06,SULTANPURI
2026-07-01,NEWUSMANPUR
2026-07-06,KASHMERIGATE
2026-07-06,KASHMERIGATE
2026-07-06,TIMARPUR
2026-07-01,DAYALPUR
2026-07-07,KOTWALI
2026-07-08,CIVILLINES
2026-07-08,CIVILLINES
2026-07-08,CIVILLINES
2026-07-07,BHAJANPURA
2026-05-22,SUNLIGHTCOLONY
2026-06-22,TIMARPUR
2026-07-09,LAHORIGATE
2026-07-08,BADARPUR
2026-07-04,KAMLAMARKET
2026-06-18,DARYAGANJ
2026-07-08,KALKAJI
2026-07-07,IPESTATE
2026-06-29,MAHENDRAPARK
2026-07-09,SEEMAPURI
2026-07-07,GTBENCLAVE
2026-07-07,WELCOME
2026-07-10,LAXMINAGAR
2026-05-23,KALANDIKUNJ
2026-07-09,KOTWALI
2026-06-30,GTBENCLAVE
2026-06-27,KASHMERIGATE
2026-07-12,MUKHERJEENAGAR
2026-07-12,SARAIROHILLA
2026-07-10,GULABIBAGH
2026-07-13,KASHMERIGATE
2026-07-13,GULABIBAGH
2026-07-13,GULABIBAGH
2026-07-13,GULABIBAGH
2026-07-13,GULABIBAGH
2026-07-13,GULABIBAGH
2026-07-13,GULABIBAGH
2026-07-13,GULABIBAGH
2026-07-13,GULABIBAGH
2026-07-13,GULABIBAGH
2026-07-13,CIVILLINES
2026-07-11,MODELTOWN
2026-07-12,KHYALA
2026-07-12,ANANDVIHARRLYSTN
2026-07-12,TILAKNAGAR
2026-07-12,NEWASHOKNAGAR
2026-07-14,CONNAUGHTPLACE
2026-07-14,KASHMERIGATE
2026-07-14,SOROJININAGAR
2026-07-13,SUBZIMANDI
2026-06-19,KALKAJI
2026-07-13,LAHORIGATE
2026-07-13,LAHORIGATE
2026-07-14,PUNJABIBAGH
2026-06-16,CIVILLINES
2026-07-11,PASCHIMVIHARWEST
2026-07-15,SAFDARJUNGENCLAVE
2026-06-30,KASHMERIGATE
2026-07-13,SUBZIMANDI
2026-07-12,ADARSHNAGAR
2026-07-14,WELCOME
2026-07-15,CIVILLINES
2026-07-14,KOTWALI
2026-07-15,KOTWALI
2026-07-15,CIVILLINES
2026-07-07,SUNLIGHTCOLONY
2026-06-28,MANGOLPURI
2026-05-22,JAHANGIRPURI
2026-07-13,DARYAGANJ
2026-07-15,BHARATNAGAR
2026-07-14,IPESTATE
2026-06-18,MADHUVIHAR
2026-07-16,SOUTHCAMPUS
2026-07-15,KOTWALI
2026-07-15,DBGROAD
2026-07-16,PATPARGANJINDUSTRIALAREA
2026-07-17,KASHMERIGATE
2026-07-18,MANGOLPURI
2026-07-18,ADARSHNAGAR
2026-07-09,KOTWALI
2026-07-09,KOTWALI
2026-06-11,GOVINDPURI
2026-06-29,MAHENDRAPARK
2026-07-17,HAUZKHAS
2026-07-16,ADARSHNAGAR
2026-07-19,RANHOLA
2026-07-19,MAHENDRAPARK
2026-06-29,PASCHIMVIHARWEST
2026-06-29,PASCHIMVIHARWEST
2026-06-29,PASCHIMVIHARWEST
2026-06-29,PASCHIMVIHARWEST
2026-07-19,JAMAMASJID
2026-07-18,SUBZIMANDI
2026-07-19,BURARI
2026-07-18,MODELTOWN
2026-07-17,WELCOME
2026-07-20,BHALSWADIARY
2026-07-19,CONNAUGHTPLACE
2026-06-24,UTTAMNAGAR
2026-07-19,CHHAWALA
2026-07-19,SULTANPURI
2026-07-19,ANANDVIHARRLYSTN
2026-07-17,KASHMERIGATE
2026-07-20,SARAIROHILLA
2026-07-17,JAITPUR
2026-07-19,DELHICANTT
2026-07-19,DELHICANTT
2026-07-17,DELHICANTT
2026-07-21,DARYAGANJ
2026-07-14,NANDNAGRI
2026-07-20,DARYAGANJ
2026-07-20,DARYAGANJ
2026-07-20,DARYAGANJ
2026-07-20,DARYAGANJ
2026-07-18,TIMARPUR
2026-07-20,DWARKANORTH
2026-07-20,SAMAIPURBADLI
2026-07-20,KASHMERIGATE
2026-07-19,AMARCOLONY
2026-07-14,MAHENDRAPARK
2026-07-22,KNKATJUMARG
2026-07-17,NARELA
2026-07-22,SUBZIMANDI
2026-07-22,KASHMERIGATE
2026-07-09,SUBHASHPLACE
2026-07-11,BURARI
2026-07-12,IPESTATE
2026-07-24,DARYAGANJ
2026-07-24,DARYAGANJ
2026-07-24,DARYAGANJ
2026-07-24,DARYAGANJ
2026-07-24,DARYAGANJ
2026-07-24,DARYAGANJ
2026-07-23,NORTHAVENUE
2026-07-24,DWARKASOUTH
2026-07-24,DWARKASOUTH
2026-07-24,DWARKASOUTH
2026-07-24,DWARKASOUTH
2026-07-24,DWARKASOUTH
2026-07-24,DWARKASOUTH
2026-07-24,DWARKASOUTH
2026-07-24,DWARKASOUTH
2026-07-24,DWARKASOUTH
2026-07-24,DWARKASOUTH
2026-07-24,DWARKASOUTH
2026-07-24,DWARKASOUTH
2026-07-24,DWARKASOUTH
2026-07-24,DWARKASOUTH
2026-07-24,DWARKASOUTH
2026-07-24,DWARKASOUTH
2026-07-24,DWARKASOUTH
2026-07-24,DWARKASOUTH
2026-07-24,DWARKASOUTH
2026-07-24,DWARKASOUTH
2026-07-24,KAPASHERA
2026-07-20,SUNLIGHTCOLONY
2026-07-25,UTTAMNAGAR
2026-07-22,RANHOLA
2026-07-14,MANGOLPURI
2026-07-24,SHALIMARBAGH
2026-07-20,DARYAGANJ
2026-07-20,DARYAGANJ
2026-07-20,DARYAGANJ
2026-07-16,HAUZKHAS
2026-07-15,NAJAFGARH
2026-07-24,DARYAGANJ
2026-07-24,DARYAGANJ
2026-07-24,DARYAGANJ
2026-07-24,DARYAGANJ
2026-07-24,DARYAGANJ
2026-07-24,DARYAGANJ
2026-07-24,DARYAGANJ
2026-07-24,DARYAGANJ
2026-07-24,DARYAGANJ
2026-07-24,DARYAGANJ
2026-07-25,IPESTATE
2026-07-26,TILAKNAGAR
2026-06-30,TILAKNAGAR
2026-07-27,ANANDVIHARRLYSTN
2026-07-27,TILAKNAGAR
2026-07-24,BARAHINDURAO
2026-07-27,JAITPUR
2026-07-21,MAHENDRAPARK
2026-07-24,KOTWALI
2026-07-27,KOTWALI
2026-07-27,KOTWALI
2026-07-25,IPESTATE
2026-07-16,SUNLIGHTCOLONY
2026-07-28,NEWUSMANPUR
2026-07-28,KASHMERIGATE
2026-07-27,SUBZIMANDI
2026-06-25,KALYANPURI
2026-07-24,PATPARGANJINDUSTRIALAREA
2026-07-27,IPESTATE
2026-07-24,NARELAINDUSTRIALAREA
2026-07-25,KHYALA
2026-07-28,MOTINAGAR
2026-07-29,NANDNAGRI
2026-07-29,GTBENCLAVE
2026-07-22,JAFFARPURKALAN
2026-07-29,SARAIROHILLA
2026-07-26,NAJAFGARH
2026-07-26,KNKATJUMARG
2026-07-30,GHAZIPUR
2026-07-31,RAJOURIGARDEN
2026-07-25,SHAHBADDIARY
2026-07-30,PALAMVILLAGE
2026-07-31,KALYANPURI
2026-07-31,KALYANPURI
2026-07-31,SARAIROHILLA
2026-08-01,KOTWALI
2026-08-31,KOTWALI
2026-08-02,MANDIRMARG
2026-08-02,MANDIRMARG
2026-08-02,HARSHVIHAR
2026-08-01,SARAIROHILLA
2026-08-01,KALKAJI
2026-08-01,SUBZIMANDI
2026-08-01,KASHMERIGATE
2026-07-25,KASHMERIGATE
2026-07-20,GTBENCLAVE
2026-07-31,GTBENCLAVE
2026-08-03,JAMAMASJID
2026-08-03,KOTWALI
2026-08-02,SUBHASHPLACE
2026-08-02,ANANDVIHARRLYSTN
2026-08-02,MANGOLPURI
2026-08-03,PANDAVNAGAR
2026-08-03,SEELAMPUR
2026-08-03,TILAKNAGAR
2026-08-05,LAHORIGATE
2026-08-05,KAMLAMARKET
2026-08-01,CIVILLINES
2026-07-31,SAMAIPURBADLI
2026-07-28,IPESTATE
2026-08-05,SUBHASHPLACE
2026-08-03,SAMAIPURBADLI
2026-08-05,MANGOLPURI
2026-08-06,CONNAUGHTPLACE
2026-08-05,MAYURVIHARPHI
2026-08-05,MUKHERJEENAGAR
2026-08-05,RAJPARK
2026-08-06,WELCOME
2026-08-05,GOVINDPURI
2026-06-26,SULTANPURI
2026-08-02,RANJITNAGAR
2026-08-06,TUGHLAKROAD
2026-07-31,SUNLIGHTCOLONY
2026-08-07,SUBZIMANDI
2026-08-07,NARELA
2026-06-23,NIHALVIHAR
2026-06-26,NIHALVIHAR
2026-08-08,BARAHINDURAO
2026-08-02,SANGAMVIHAR
2026-08-08,NORTHAVENUE
2026-07-16,SUBHASHPLACE
2026-07-23,TILAKNAGAR
2026-07-23,TILAKNAGAR
2026-08-04,SHASTRIPARK
2026-08-09,PATPARGANJINDUSTRIALAREA
2026-08-09,NORTHAVENUE
2026-08-09,IPESTATE
2026-08-06,KNKATJUMARG
2026-08-07,KISHANGARH
2026-08-10,RANJITNAGAR
2026-08-10,RANJITNAGAR
2026-08-10,RANJITNAGAR
2026-08-10,RANJITNAGAR
2026-08-10,RANJITNAGAR
2026-08-10,RANJITNAGAR
2026-08-10,RANJITNAGAR
2026-08-10,RANJITNAGAR
2026-08-10,RANJITNAGAR
2026-08-08,DARYAGANJ
2026-08-08,DARYAGANJ
2026-08-09,PATPARGANJINDUSTRIALAREA
2026-06-06,SAFDARJUNGENCLAVE
2026-08-07,GTBENCLAVE
2026-08-12,MAYURVIHARPHI
2026-08-09,MODELTOWN
2026-08-13,BEGUMPUR
2026-08-13,BARAHINDURAO
2026-08-12,MANDIRMARG
2026-08-12,CIVILLINES
2026-08-12,CIVILLINES
2026-08-12,KOTWALI
2026-08-11,KOTWALI
2026-08-09,NANDNAGRI
2026-08-12,VIKASPURI
2026-08-13,ANANDVIHARRLYSTN
2026-08-13,LODICOLONY
2026-08-14,KOTWALI
2026-08-12,KOTWALI
2026-08-14,NARELA
2026-08-14,BURARI
2026-08-14,SAFDARJUNGENCLAVE
2026-08-16,ANANDPARBAT
2026-08-16,PARLIAMENTSTREET
2026-08-17,BARAKHAMBAROAD
2026-08-13,SADARBAZAR
2026-08-17,KISHANGARH
2026-08-08,NEWFRIENDSCOLONY
2026-08-16,ANANDVIHARRLYSTN
2026-08-17,ANANDVIHARRLYSTN
2026-08-14,KASHMERIGATE
2026-08-12,KASHMERIGATE
2026-08-16,LAHORIGATE
2026-08-17,SAFDARJUNGENCLAVE
2026-08-17,NARAINA
2026-08-17,SHAHBADDIARY
2026-08-18,MANGOLPURI
2026-08-17,SUBZIMANDI
2026-08-17,SUBZIMANDI
2026-08-18,SAFDARJUNGENCLAVE
2026-08-12,RANJITNAGAR
2026-08-11,SAFDARJUNGENCLAVE
2026-08-16,SUNLIGHTCOLONY
2026-08-13,TIMARPUR
2026-08-11,PAHARGANJ
2026-08-18,KASHMERIGATE
2026-07-28,OKHLAINDUSTRIALAREA
2026-08-18,KASHMERIGATE
2026-08-08,HAUZKHAS
2026-08-14,KAMLAMARKET
2026-08-17,SHASTRIPARK
2026-08-17,BABAHARIDASNAGAR
2026-08-18,IGIAIRPORT
2026-08-19,LAHORIGATE
2026-07-07,HAUZKHAS
2026-08-19,SAFDARJUNGENCLAVE
2026-08-12,PAHARGANJ
2026-08-15,SUBZIMANDI
2026-05-22,NIHALVIHAR
2026-08-18,LAHORIGATE
2026-08-18,KOTWALI
2026-08-21,NORTHAVENUE
2026-08-22,KOTWALI
2026-08-22,CONNAUGHTPLACE
2026-08-11,SWARUPNAGAR
2026-08-22,PATPARGANJINDUSTRIALAREA
2026-08-22,GANDHINAGAR
2026-08-20,SUBZIMANDI
2026-08-21,MUKHERJEENAGAR
2026-08-23,RAJPARK
2026-08-20,NANDNAGRI
2026-08-20,DELHICANTT
2026-02-08,SUNLIGHTCOLONY
2026-08-22,CIVILLINES
2026-08-20,SULTANPURI
2026-08-24,KOTWALI
2026-08-23,SAFDARJUNGENCLAVE
2026-08-18,CONNAUGHTPLACE
2026-08-18,CONNAUGHTPLACE
2026-08-23,KASHMIRIGATEMETRO
2026-08-22,GTBENCLAVE
2026-08-20,ANANDVIHARRLYSTN
2026-08-15,KHAJURIKHAS
2026-08-24,KALANDIKUNJ
2026-08-24,KALANDIKUNJ
2026-08-24,GULABIBAGH
2026-08-25,NANDNAGRI
2026-08-20,SHAHBADDIARY
2026-08-23,GTBENCLAVE
2026-08-23,MANDIRMARG
2026-08-25,ANANDVIHARRLYSTN
2026-08-22,KNKATJUMARG
2026-08-24,BHAJANPURA
2026-08-23,NORTHAVENUE
2026-08-23,NANGLOI
2026-08-08,MANGOLPURI
2026-08-04,MANGOLPURI
2026-08-25,PUNJABIBAGH
2026-08-25,SARITAVIHAR
2026-08-26,KNKATJUMARG
2026-08-25,KASHMERIGATE
2026-08-25,LAHORIGATE
2026-07-27,SAFDARJUNGENCLAVE
2026-08-23,BADARPUR
2026-08-25,KOTWALI
2026-08-23,BHARATNAGAR
2026-08-27,MANDIRMARG
2026-08-26,SHAHEENBAGH
2026-08-26,SHAHEENBAGH
2026-08-22,PAHARGANJ
2026-08-26,DBGROAD
2026-08-26,SAFDARJUNGENCLAVE
2026-08-26,SAFDARJUNGENCLAVE
2026-08-27,UTTAMNAGAR
2026-08-24,NARELA
2026-08-09,CIVILLINES
2026-08-29,SADARBAZAR
2026-08-23,SAFDARJUNGENCLAVE
2026-08-29,CHANDNIMAHAL
2026-08-29,KOTWALI
2026-08-29,KOTWALI
2026-08-29,PATPARGANJINDUSTRIALAREA
2026-08-27,PATPARGANJINDUSTRIALAREA
2026-08-28,NAJAFGARH
2026-08-25,GHAZIPUR
2026-08-29,KESHAVPURAM
2026-08-11,SHAHBADDIARY
2026-08-28,SUBZIMANDI
2026-08-17,CIVILLINES
2026-07-27,IPESTATE
2026-08-24,KASHMIRIGATEMETRO
2026-08-23,KASHMIRIGATEMETRO
2026-08-28,DWARKASOUTH
2026-08-29,KOTWALI
2026-08-31,DWARKASOUTH
2026-08-29,BURARI
2026-08-31,KOTWALI
2026-08-30,MANDIRMARG
2026-08-31,SAFDARJUNGENCLAVE
2026-07-31,GOVINDPURI
2026-07-31,GOVINDPURI
2026-07-31,GOVINDPURI
2026-07-31,GOVINDPURI
2026-07-31,GOVINDPURI
2026-08-31,KOTWALI
2026-08-31,SAFDARJUNGENCLAVE
2026-08-30,HAUZKHAS
2026-08-29,GTBENCLAVE
2026-08-30,GTBENCLAVE
2026-08-14,IPESTATE
2026-08-23,KRISHNANAGAR
2026-08-31,KASHMERIGATE
2026-09-01,KALKAJI
2026-08-14,GTBENCLAVE
2026-08-31,MAHENDRAPARK
2026-09-01,PULPRAHLADPUR
2026-09-01,CONNAUGHTPLACE
2026-09-02,KASHMERIGATE
2026-08-24,DARYAGANJ
2026-08-24,DARYAGANJ
2026-08-24,DARYAGANJ
2026-08-24,DARYAGANJ
2026-08-24,DARYAGANJ
2026-08-30,NANDNAGRI
2026-08-31,SUBZIMANDI
2026-09-01,SHAHEENBAGH
2026-08-23,DBGROAD
2026-08-21,TILAKMARG
2026-08-23,NARELA
2026-09-02,CIVILLINES
2026-08-31,KASHMERIGATE
2026-09-02,IGIAIRPORT
2026-09-02,MAHENDRAPARK
2026-09-02,KIRTINAGAR
2026-05-03,HAUZKHAS
2026-09-02,ADARSHNAGAR
2026-09-02,ADARSHNAGAR
2026-09-05,SHAHEENBAGH
2026-08-28,ANANDVIHARRLYSTN
2026-09-04,AMARCOLONY
2026-09-06,NARAINA
2026-09-06,KASHMERIGATE
2026-09-05,RANJITNAGAR
2026-09-01,KOTWALI
2026-09-03,KOTWALI
2026-08-29,KASHMERIGATE
2026-04-09,PATPARGANJINDUSTRIALAREA
2026-09-07,NORTHROHINI
2026-09-07,CONNAUGHTPLACE
2026-08-28,SARITAVIHAR
2026-09-08,CIVILLINES
2026-09-07,DARYAGANJ
2026-09-07,DARYAGANJ
2026-09-07,DARYAGANJ
2026-08-21,SUBHASHPLACE
2026-08-21,SUBHASHPLACE
2026-08-21,SUBHASHPLACE
2026-09-07,KOTWALI
2026-08-21,SUNLIGHTCOLONY
2026-09-08,IPESTATE
2026-09-07,SARAIROHILLA
2026-08-30,KNKATJUMARG
2026-09-10,SHAHEENBAGH
2026-09-10,ANANDVIHARRLYSTN
2026-09-10,LAHORIGATE
2026-09-10,KOTWALI
2026-09-08,SUBHASHPLACE
2026-09-09,BHARATNAGAR
2026-09-02,TIMARPUR
2026-09-11,IPESTATE
2026-09-01,GOVINDPURI
2026-09-01,GOVINDPURI
2026-09-01,GOVINDPURI
2026-09-01,GOVINDPURI
2026-09-01,GOVINDPURI
2026-09-06,SHALIMARBAGH
2026-09-06,NARELA
2026-09-11,SOUTHCAMPUS
2026-09-09,IPESTATE
2026-09-11,MUKHERJEENAGAR
2026-09-10,SARITAVIHAR
2026-09-06,SARITAVIHAR
2026-09-12,MANDIRMARG
2026-09-12,MANDIRMARG
2026-09-12,TIMARPUR
2026-09-08,TIMARPUR
2026-09-03,KALKAJI
2026-09-03,KALKAJI
2026-09-11,KOTWALI
2026-09-09,KALKAJI
2026-09-13,SWARUPNAGAR
2026-09-13,CIVILLINES
2026-09-13,KOTWALI
2026-09-04,KALYANPURI
2026-09-12,KNKATJUMARG
2026-09-14,GTBENCLAVE
2026-09-14,KOTWALI
2026-09-12,SHALIMARBAGH
2026-09-13,GTBENCLAVE
2026-09-12,SUBZIMANDI
2026-09-13,KIRTINAGAR
2026-09-14,KNKATJUMARG
2026-09-13,WAZIRABAD
2026-08-31,SAMAIPURBADLI
2026-09-12,BADARPUR
2026-09-15,TIMARPUR
2026-09-14,KASHMERIGATE
2026-09-14,LAHORIGATE
2026-09-14,SUBHASHPLACE
2026-08-28,SARAIROHILLA
2026-09-16,KOTWALI
2026-08-30,MAYAPURI
2026-09-16,PULPRAHLADPUR
2026-09-15,HAUZKHAS
2026-09-04,MANGOLPURI
2026-09-15,NANGLOI
2026-09-15,JAMAMASJID
2026-09-17,KNKATJUMARG
2026-09-16,SAGARPUR
2026-09-03,SAFDARJUNGENCLAVE
2026-09-14,GTBENCLAVE
2026-09-16,CONNAUGHTPLACE
2026-09-17,KASHMERIGATE
2026-09-12,GTBENCLAVE
2026-09-14,NANGLOI
2026-09-06,NAJAFGARH
2026-09-17,KALYANPURI
2026-09-06,BUDHVIHAR
2026-09-12,LAHORIGATE
2026-09-18,GTBENCLAVE
2026-09-06,MEHRAULI
2026-09-18,NARAINA
2026-09-11,WELCOME
2026-09-17,NAJAFGARH
2026-09-20,PRASADNAGAR
2026-09-19,PAHARGANJ
2026-09-19,MANGOLPURI
2026-09-19,SUBZIMANDI
2026-09-18,DWARKASOUTH
2026-09-20,SARAIROHILLA
2026-09-21,HARINAGAR
2026-09-22,BEGUMPUR
2026-09-13,KASHMERIGATE
2026-09-18,KESHAVPURAM
2026-08-27,MUNDKA
2026-08-14,NABIKARIM
2026-09-23,CHANDNIMAHAL
2026-09-22,BARAHINDURAO
2026-09-15,KALYANPURI
2026-09-17,PASCHIMVIHAREAST
2026-09-18,KOTWALI
2026-09-21,SARAIROHILLA
2026-09-21,KOTWALI
2026-09-21,KRISHNANAGAR
2026-09-24,BADARPUR
2026-09-16,WELCOME
2026-09-24,SUBZIMANDI
2026-09-24,PASCHIMVIHAREAST
2026-09-22,MOTINAGAR
2026-09-23,KRISHNANAGAR
2026-09-22,WAZIRABAD
2026-09-13,LAXMINAGAR
2026-09-21,DELHICANTT
2026-09-21,DELHICANTT
2026-09-21,DELHICANTT
2026-09-21,DELHICANTT
2026-09-21,DELHICANTT
2026-09-21,DELHICANTT
2026-09-21,DELHICANTT
2026-09-21,DELHICANTT
2026-09-23,GTBENCLAVE
2026-09-12,PASCHIMVIHARWEST
2026-09-23,NORTHROHINI
2026-09-21,KESHAVPURAM
